CS,124150002,21st Century Cyber CS,133,214,62.15%,58.02%,64.66%,,,50.00%,55.56%,70.59%,64.67%,22.22%,63.64%,50.00%,41.18%,
CS,102020003,Academy CS,19,51,37.25%,32.43%,50.00%,,,,42.50%,,20.00%,,45.00%,,32.00%,
CS,125230001,Achievement House CS,63,129,48.84%,41.67%,53.09%,50.00%,,,40.91%,31.25%,60.00%,50.00%,43.33%,37.50%,39.24%,
CS,126514368,ACT Academy Cyber CS,15,48,31.25%,29.63%,33.33%,,,,31.82%,,25.00%,,28.57%,,28.13%,
CS,126510020,Agora Cyber CS,608,"1,346",45.17%,41.08%,48.19%,42.86%,66.67%,38.46%,41.13%,36.17%,47.78%,52.38%,40.34%,,45.75%,
CS,181519176,ASPIRA Bilingual Cyber Charter School,29,60,48.33%,37.50%,55.56%,,,50.00%,44.44%,50.00%,,,52.94%,33.33%,34.15%,
CS,124150003,Avon Grove CS,74,78,94.87%,94.59%,95.12%,100.00%,,100.00%,75.00%,100.00%,98.25%,,94.12%,,86.96%,
CS,185515523,Boys Latin of Philadelphia CS,75,89,84.27%,84.27%,,,,,84.27%,,,,28.57%,,81.03%,
CS,115227010,Capital Area School for the Arts Charter,43,49,87.76%,80.00%,91.18%,,,,80.00%,66.67%,96.67%,85.71%,100.00%,,76.92%,
CS,122090001,Center for Student Learning CS at Pennsb,11,30,36.67%,33.33%,40.00%,,,,50.00%,71.43%,23.53%,,33.33%,,28.57%,
CS,108070001,Central PA Digital Learning Foundation C,15,28,53.57%,54.55%,52.94%,,,,,66.67%,52.00%,,66.67%,50.00%,52.94%,
CS,126513190,Charter High School for Architecture and,96,102,94.12%,91.07%,97.83%,,,100.00%,93.48%,100.00%,100.00%,,80.95%,100.00%,94.59%,
CS,102020001,City CHS,118,123,95.94%,91.49%,98.68%,,,100.00%,95.65%,100.00%,97.78%,80.00%,93.75%,,95.06%,
CS,124153320,Collegium CS,68,74,91.89%,93.10%,91.11%,,,100.00%,88.24%,100.00%,92.50%,50.00%,75.00%,100.00%,90.00%,
CS,115220002,Commonwealth Charter Academy CS,703,"1,031",68.19%,65.40%,70.33%,66.67%,,75.00%,62.09%,66.28%,70.04%,63.64%,53.99%,40.00%,57.00%,
CS,126512840,Community Academy of Philadelphia CS,117,139,84.17%,73.53%,94.37%,,,60.00%,78.95%,85.84%,100.00%,100.00%,84.62%,90.00%,89.34%,
CS,112673300,Crispus Attucks CS,33,71,46.48%,44.44%,48.57%,,,,34.48%,53.33%,50.00%,66.67%,55.56%,62.50%,67.39%,
CS,107653040,Dr Robert Ketterer CS Inc.,11,13,84.62%,Due to cohort size demographic information has been supressed to comply with FERPA regulations.,,,,,,,,,,,,
CS,177518712,Eastern University Academy Charter Schoo,48,54,88.89%,80.00%,94.12%,,,,88.89%,,,,83.33%,,87.23%,
CS,126513440,Esperanza Academy Charter School,167,177,94.35%,89.19%,98.06%,,,100.00%,100.00%,94.15%,,,91.67%,92.11%,94.61%,
CS,126511563,Esperanza Cyber CS,15,33,45.45%,40.00%,50.00%,,,,66.67%,44.83%,,,25.00%,33.33%,45.45%,
CS,120450003,Evergreen Community CS,15,15,100.00%,Due to cohort size demographic information has been supressed to comply with FERPA regulations.,,,,,,,,,,,,
CS,100510000,First Philadelphia Preparatory Charter S,62,70,88.57%,81.82%,91.67%,,100.00%,100.00%,83.33%,92.00%,100.00%,75.00%,,100.00%,89.55%,
CS,126513450,Franklin Towne CHS,306,315,97.14%,97.20%,97.09%,,100.00%,100.00%,100.00%,94.59%,97.08%,100.00%,95.65%,,100.00%,
CS,126513270,Freire CS,90,102,88.24%,88.89%,87.72%,,,100.00%,88.12%,,,,83.33%,100.00%,87.01%,
CS,129544907,Gillingham Charter School,13,15,86.67%,Due to cohort size demographic information has been supressed to comply with FERPA regulations.,,,,,,,,,,,,
CS,134677866,Helen Thackston Charter School,51,74,68.92%,69.05%,68.75%,,,,76.47%,62.75%,100.00%,100.00%,90.00%,66.67%,70.83%,100.00%
CS,102023217,Hill House Passport Academy Charter Scho,81,152,53.29%,50.00%,55.43%,,,,53.19%,,57.14%,50.00%,50.00%,,39.13%,
CS,108057079,HOPE for Hyndman CS,21,23,91.30%,93.75%,85.71%,,,,,,91.30%,,83.33%,,84.62%,
CS,114060392,I-LEAD Charter School,69,148,46.62%,40.28%,52.63%,,,,36.36%,47.33%,75.00%,,37.21%,62.00%,40.50%,75.00%
CS,126512980,Imhotep Institute CHS,111,129,86.05%,86.30%,85.71%,,,,86.05%,,,,87.50%,,86.72%,
CS,104432830,Keystone Education Center CS,17,38,44.74%,47.62%,41.18%,,,,50.00%,,43.33%,,41.67%,,44.74%,
CS,126514864,KIPP DuBois Charter School,102,114,89.47%,87.27%,91.53%,,,,89.09%,100.00%,,100.00%,25.00%,,89.36%,
CS,113362940,La Academia Partnership Charter School,24,28,85.71%,73.33%,100.00%,,,100.00%,,84.00%,100.00%,100.00%,80.00%,100.00%,87.50%,
CS,120480002,Lehigh Valley Academy Regional CS,56,59,94.92%,87.50%,100.00%,,,100.00%,90.91%,91.67%,100.00%,100.00%,100.00%,50.00%,95.45%,
CS,120483170,Lehigh Valley Charter High School for th,116,117,99.15%,95.24%,100.00%,,,100.00%,100.00%,94.44%,100.00%,100.00%,100.00%,,100.00%,
CS,175390169,Lincoln Leadership Academy Charter Schoo,51,51,100.00%,100.00%,100.00%,,,,100.00%,100.00%,100.00%,,100.00%,100.00%,100.00%,
CS,127040002,Lincoln Park Performing Arts CS,124,124,100.00%,100.00%,100.00%,,,,100.00%,100.00%,100.00%,100.00%,100.00%,,100.00%,
CS,126513480,Mariana Bracetti Academy CS,120,124,96.77%,95.00%,98.44%,100.00%,,,100.00%,95.74%,100.00%,100.00%,96.15%,85.71%,96.77%,
CS,126510014,Maritime Academy Charter School,54,61,88.52%,86.67%,90.32%,,,100.00%,88.89%,92.31%,84.62%,100.00%,100.00%,100.00%,89.83%,
CS,126513150,MAST Community Charter School,99,101,98.02%,98.00%,98.04%,,,100.00%,100.00%,90.00%,98.57%,,100.00%,,96.88%,
CS,126510002,Mastery CHS - Lenfest Campus,70,72,97.22%,96.88%,97.50%,,,,96.92%,100.00%,,,92.31%,,97.18%,
CS,126513290,Mastery CS - Hardy Williams,77,79,97.47%,100.00%,96.08%,,,,97.47%,,,,100.00%,100.00%,97.47%,
CS,126513734,Mastery CS-Gratz Campus,201,231,87.01%,81.82%,91.74%,,,100.00%,86.61%,100.00%,,100.00%,78.85%,100.00%,87.01%,
CS,151514721,Mastery CS-Pickett Campus,99,107,92.52%,86.27%,98.21%,,,,92.45%,100.00%,,,90.00%,100.00%,92.52%,
CS,126510022,Mastery CS-Shoemaker Campus,113,125,90.40%,86.15%,95.00%,100.00%,,,90.08%,100.00%,100.00%,,74.19%,,90.40%,
CS,126510023,Mastery CS-Thomas Campus,74,81,91.36%,88.57%,93.48%,,,100.00%,88.00%,83.33%,100.00%,100.00%,78.95%,100.00%,91.36%,100.00%
CS,126513230,Math Civics and Sciences CS,77,78,98.72%,100.00%,97.67%,,,,98.67%,100.00%,,100.00%,100.00%,,98.53%,
CS,126513000,Multicultural Academy CS,52,54,96.30%,94.44%,97.22%,,,,98.04%,66.67%,,,91.67%,100.00%,95.24%,
CS,111440001,New Day Charter School,25,60,41.67%,32.00%,48.57%,,,,,,42.37%,,53.85%,,54.55%,
CS,126513420,New Foundations CS,156,167,93.41%,90.41%,95.74%,100.00%,,100.00%,91.30%,97.30%,92.63%,100.00%,88.24%,100.00%,97.98%,
CS,126513452,Olney Charter High School,393,562,69.93%,66.89%,73.54%,,,85.00%,75.13%,66.08%,60.00%,100.00%,61.40%,61.22%,70.05%,
CS,127043430,Pennsylvania Cyber CS,"1,013","2,015",50.27%,44.51%,54.45%,,50.00%,50.00%,45.12%,28.00%,52.39%,40.59%,39.09%,16.67%,41.11%,100.00%
CS,115220003,Pennsylvania Distance Learning CS,62,89,69.66%,64.10%,74.00%,100.00%,,,44.44%,40.00%,80.00%,60.00%,76.19%,,73.33%,
CS,124150004,Pennsylvania Leadership Charter School,255,360,70.83%,65.45%,75.38%,,,78.57%,53.13%,42.86%,77.19%,64.29%,52.78%,,60.00%,
CS,123460001,Pennsylvania Virtual CS,135,199,67.84%,68.48%,67.29%,,100.00%,66.67%,66.67%,62.50%,69.54%,50.00%,50.00%,,59.60%,
CS,105250001,Perseus House CS of Excellence,63,110,57.27%,50.94%,63.16%,,,85.71%,56.52%,46.67%,58.54%,,33.33%,88.89%,61.00%,
CS,126513280,Philadelphia Academy CS,103,105,98.10%,96.15%,100.00%,,,100.00%,100.00%,100.00%,97.83%,100.00%,88.24%,,100.00%,
CS,126510009,Philadelphia Electrical & Tech CHS,127,130,97.69%,96.15%,100.00%,,100.00%,100.00%,97.33%,100.00%,96.15%,100.00%,91.30%,100.00%,98.78%,
CS,126513400,Philadelphia Performing Arts CS,188,191,98.43%,98.61%,98.32%,,,100.00%,97.67%,100.00%,98.41%,100.00%,100.00%,100.00%,99.19%,
CS,126512960,Preparatory CS of Mathematics Science,109,114,95.61%,96.23%,95.08%,,,100.00%,92.73%,100.00%,96.43%,100.00%,81.82%,,93.51%,
CS,160028259,Propel CS-Braddock Hills,54,69,78.26%,76.67%,79.49%,,,,78.18%,100.00%,72.73%,100.00%,70.59%,,76.09%,
CS,103020002,Propel CS-Homestead,29,33,87.88%,83.33%,90.48%,,,,90.00%,,,66.67%,85.71%,,90.91%,
CS,124153350,Renaissance Academy CS,70,71,98.59%,96.15%,100.00%,,,100.00%,96.97%,100.00%,100.00%,100.00%,100.00%,,95.45%,
CS,121393330,Roberto Clemente CS,41,47,87.23%,80.00%,90.63%,,,,100.00%,86.05%,100.00%,,100.00%,83.33%,86.96%,
CS,114514135,Sankofa Freedom Academy Charter School,39,41,95.12%,91.67%,96.55%,,,,95.00%,100.00%,,,50.00%,100.00%,95.12%,
CS,103023410,Spectrum CS,2,3,66.67%,Due to cohort size demographic information has been supressed to comply with FERPA regulations.,,,,,,,,,,,,
CS,101833400,Sugar Valley Rural CS,21,25,84.00%,78.57%,90.91%,,,,,,84.00%,,81.82%,,86.67%,
CS,116493130,Susq-Cyber CS,24,47,51.06%,47.06%,53.33%,,,,50.00%,20.00%,56.41%,,66.67%,,44.44%,
CS,192518422,Tacony Academy Charter School,75,92,81.52%,81.63%,81.40%,,,100.00%,86.49%,83.33%,69.57%,80.00%,76.92%,80.00%,87.32%,
CS,105620001,Tidioute Community CS,17,17,100.00%,Due to cohort size demographic information has been supressed to comply with FERPA regulations.,,,,,,,,,,,,
CS,126519434,Universal Audenried Charter School,126,154,81.82%,81.18%,82.61%,,,83.33%,82.39%,50.00%,100.00%,,82.35%,75.00%,82.12%,
CS,102023080,Urban Pathways 6-12 CS,33,41,80.49%,63.16%,95.45%,,,,80.49%,,,,87.50%,,76.92%,
CS,126512870,Youth Build Phila CS,2,5,40.00%,Due to cohort size demographic information has been supressed to comply with FERPA regulations.,,,,,,,,,,,,
CTC,122091457,Bucks County Technical High School,344,347,99.14%,98.91%,99.39%,100.00%,,100.00%,100.00%,100.00%,99.01%,,96.55%,,99.27%,
CTC,121131507,Carbon Career & Technical Institute,83,84,98.81%,97.92%,100.00%,,,,100.00%,100.00%,98.77%,,100.00%,,97.22%,
CTC,116191757,Columbia-Montour AVTS,125,135,92.59%,92.59%,92.59%,,,,100.00%,100.00%,92.48%,,93.94%,,92.65%,
CTC,101266007,Connellsville Area Career & Technical Ce,104,119,87.40%,85.71%,90.48%,,,,,100.00%,87.07%,100.00%,87.10%,,84.27%,
CTC,115221607,Dauphin County Technical School,235,240,97.92%,98.47%,97.25%,,,100.00%,98.73%,96.55%,97.67%,100.00%,100.00%,100.00%,98.41%,
CTC,106333407,Jefferson County-DuBois AVTS,82,89,92.13%,89.09%,97.06%,,,,100.00%,,91.86%,100.00%,88.00%,,87.93%,
CTC,104374207,Lawrence County CTC,113,120,94.17%,91.67%,97.92%,,,100.00%,85.71%,100.00%,94.29%,100.00%,94.29%,,93.67%,
CTC,128034607,Lenape Tech,190,201,94.53%,94.55%,94.51%,100.00%,,,75.00%,,94.76%,100.00%,90.91%,,92.45%,
CTC,118408707,West Side CTC,86,103,83.50%,81.48%,85.71%,,,,60.00%,100.00%,83.52%,100.00%,79.49%,,82.26%,
CTC,112679107,York Co School of Technology,355,374,94.92%,92.54%,97.69%,,,100.00%,96.43%,98.53%,92.86%,100.00%,93.42%,100.00%,94.61%,
SD,119350303,Abington Heights SD,252,259,97.30%,97.18%,97.44%,,,100.00%,100.00%,100.00%,97.02%,100.00%,83.87%,100.00%,93.33%,
SD,123460302,Abington SD,525,566,92.76%,89.42%,96.34%,,,77.27%,88.80%,100.00%,95.54%,66.67%,87.21%,77.78%,88.39%,
SD,101260303,Albert Gallatin Area SD,247,279,88.53%,90.00%,87.05%,,,,85.71%,100.00%,88.59%,,68.97%,,82.64%,
SD,127040503,Aliquippa SD,74,83,89.16%,87.50%,91.43%,,,,88.89%,100.00%,93.33%,100.00%,93.75%,,90.12%,
SD,103020603,Allegheny Valley SD,72,76,94.74%,92.86%,97.06%,,,100.00%,100.00%,,95.71%,50.00%,80.00%,,92.00%,
SD,106160303,Allegheny-Clarion Valley SD,44,51,86.27%,85.19%,87.50%,100.00%,,,,,86.00%,,,,77.27%,
SD,121390302,Allentown City SD,926,"1,302",71.12%,65.11%,77.34%,100.00%,100.00%,81.25%,68.18%,69.19%,84.42%,80.00%,55.41%,59.82%,75.36%,85.71%
SD,108070502,Altoona Area SD,533,613,86.95%,84.97%,88.93%,,100.00%,100.00%,76.79%,88.89%,87.89%,,79.23%,,80.47%,
SD,127040703,Ambridge Area SD,163,185,88.11%,83.70%,92.47%,,,100.00%,86.96%,100.00%,87.97%,100.00%,80.56%,,84.48%,
SD,113380303,Annville-Cleona SD,106,125,84.80%,85.71%,83.33%,,,100.00%,100.00%,50.00%,85.71%,,75.00%,100.00%,68.75%,
SD,114060503,Antietam SD,61,68,89.71%,83.78%,96.77%,,,,80.00%,88.89%,90.70%,100.00%,61.11%,50.00%,94.12%,
SD,128030603,Apollo-Ridge SD,66,74,89.19%,84.21%,94.44%,,,,100.00%,,88.73%,100.00%,57.14%,,84.38%,
SD,128030852,Armstrong SD,281,335,83.88%,79.76%,88.02%,,,100.00%,83.33%,50.00%,84.26%,50.00%,59.09%,,68.85%,
SD,117080503,Athens Area SD,145,161,90.06%,86.46%,95.38%,,,100.00%,100.00%,,89.87%,,64.29%,,75.00%,
SD,109530304,Austin Area SD,13,14,92.86%,Due to cohort size demographic information has been supressed to comply with FERPA regulations.,,,,,,,,,,,,
SD,101630504,Avella Area SD,35,40,87.50%,81.82%,94.44%,,,,,,87.18%,100.00%,50.00%,,100.00%,
SD,124150503,Avon Grove SD,437,468,93.38%,92.28%,94.59%,100.00%,,88.89%,83.33%,85.54%,95.34%,100.00%,64.58%,77.78%,86.49%,100.00%
SD,103020753,Avonworth SD,119,124,95.97%,93.85%,98.31%,,,100.00%,66.67%,,98.23%,50.00%,90.48%,100.00%,95.83%,
SD,110141003,Bald Eagle Area SD,136,144,94.44%,90.28%,98.61%,,,,,100.00%,95.00%,100.00%,78.26%,,88.24%,
SD,103021102,Baldwin-Whitehall SD,322,345,93.33%,92.53%,94.15%,100.00%,,90.48%,64.71%,83.33%,95.88%,91.67%,73.91%,82.61%,87.68%,
SD,120480803,Bangor Area SD,239,268,89.18%,90.60%,87.40%,,,100.00%,66.67%,86.36%,89.87%,100.00%,85.11%,,87.16%,
SD,127041203,Beaver Area SD,173,181,95.58%,94.44%,96.70%,,,100.00%,88.89%,100.00%,95.81%,,81.82%,,94.44%,
SD,108051003,Bedford Area SD,147,164,89.63%,89.66%,89.61%,,,100.00%,100.00%,75.00%,89.74%,100.00%,90.48%,,82.81%,
SD,107650603,Belle Vernon Area SD,180,190,94.74%,92.63%,96.84%,,,100.00%,100.00%,100.00%,94.32%,100.00%,83.33%,100.00%,90.74%,
SD,110141103,Bellefonte Area SD,180,194,92.78%,91.21%,94.17%,,,,100.00%,,93.16%,,82.35%,100.00%,83.05%,
SD,108071003,Bellwood-Antis SD,102,107,95.33%,97.92%,93.22%,,,100.00%,100.00%,100.00%,95.05%,100.00%,100.00%,,95.00%,
SD,122091002,Bensalem Township SD,357,455,78.46%,73.25%,84.43%,,,87.18%,77.63%,61.82%,80.08%,60.00%,69.57%,50.00%,78.14%,
SD,116191004,Benton Area SD,37,41,90.24%,86.96%,94.44%,,,,100.00%,,92.31%,,75.00%,,90.48%,
SD,101630903,Bentworth SD,67,72,93.06%,87.50%,97.50%,,,,100.00%,100.00%,92.65%,100.00%,66.67%,,91.30%,
SD,108561003,Berlin Brothersvalley SD,59,62,95.16%,94.12%,96.43%,,,100.00%,,100.00%,94.64%,100.00%,100.00%,,92.31%,
SD,112011103,Bermudian Springs SD,148,150,98.67%,97.65%,100.00%,,,100.00%,,100.00%,98.47%,,100.00%,100.00%,100.00%,100.00%
SD,116191103,Berwick Area SD,159,200,79.50%,77.88%,81.25%,,,100.00%,62.50%,77.78%,79.89%,100.00%,71.43%,,73.26%,
SD,103021252,Bethel Park SD,366,370,98.92%,98.42%,99.44%,,100.00%,100.00%,92.31%,100.00%,99.14%,100.00%,97.67%,,96.88%,
SD,120481002,Bethlehem Area SD,987,"1,178",83.79%,80.52%,87.37%,,50.00%,97.22%,72.06%,75.45%,92.53%,90.91%,69.44%,47.46%,74.80%,
SD,101631003,Bethlehem-Center SD,94,107,87.85%,88.89%,86.36%,,,,100.00%,,87.50%,100.00%,69.57%,,80.00%,
SD,127041503,Big Beaver Falls Area SD,110,123,89.43%,87.69%,91.38%,,,,94.44%,,88.57%,82.35%,85.71%,,84.88%,
SD,115210503,Big Spring SD,203,221,91.86%,89.22%,94.12%,,,100.00%,100.00%,80.00%,92.02%,100.00%,82.86%,,89.47%,
SD,127041603,Blackhawk SD,175,185,94.59%,92.08%,97.62%,,,100.00%,100.00%,100.00%,94.29%,100.00%,92.31%,100.00%,80.85%,
SD,108110603,Blacklick Valley SD,40,44,90.91%,83.33%,96.15%,,,,,,90.91%,,77.78%,,86.36%,
SD,128321103,Blairsville-Saltsburg SD,103,112,91.96%,87.69%,97.87%,,,,100.00%,100.00%,91.35%,100.00%,80.00%,,94.87%,
SD,116191203,Bloomsburg Area SD,96,101,95.05%,93.48%,96.36%,,,100.00%,100.00%,100.00%,94.57%,100.00%,50.00%,,83.33%,
SD,129540803,Blue Mountain SD,180,194,92.78%,90.65%,95.40%,,,100.00%,,75.00%,93.44%,,81.58%,,80.00%,
SD,119581003,Blue Ridge SD,73,80,91.25%,91.30%,91.18%,,,,100.00%,100.00%,92.00%,,77.78%,,81.82%,
SD,114060753,Boyertown Area SD,533,563,94.67%,93.98%,95.45%,,,100.00%,88.89%,80.00%,95.28%,71.43%,83.52%,100.00%,87.12%,
SD,109420803,Bradford Area SD,168,189,88.89%,86.59%,90.65%,100.00%,,100.00%,,100.00%,88.52%,100.00%,73.33%,,81.72%,
SD,114060853,Brandywine Heights Area SD,116,123,94.31%,92.06%,96.67%,,,100.00%,100.00%,100.00%,94.07%,100.00%,78.26%,,82.76%,
SD,103021453,Brentwood Borough SD,89,91,97.80%,100.00%,95.12%,,,100.00%,100.00%,100.00%,97.37%,100.00%,87.50%,100.00%,97.62%,
SD,122091303,Bristol Borough SD,63,79,79.75%,78.57%,81.08%,,,100.00%,87.50%,88.89%,70.00%,100.00%,66.67%,50.00%,77.36%,
SD,122091352,Bristol Township SD,306,362,84.53%,78.16%,90.43%,100.00%,100.00%,80.00%,85.53%,78.00%,86.47%,76.47%,57.14%,94.44%,84.26%,
SD,106330703,Brockway Area SD,71,75,94.67%,93.75%,95.35%,,,,,,94.67%,,80.00%,,88.24%,
SD,106330803,Brookville Area SD,110,117,94.02%,89.83%,98.28%,,,,,100.00%,93.91%,,72.73%,,91.49%,
SD,101260803,Brownsville Area SD,98,128,76.56%,76.19%,76.92%,,100.00%,,73.91%,100.00%,77.23%,50.00%,55.17%,100.00%,65.71%,
SD,101631203,Burgettstown Area SD,77,82,93.90%,93.33%,94.59%,,100.00%,,50.00%,,94.94%,,92.86%,,90.00%,
SD,107650703,Burrell SD,143,148,96.62%,96.00%,97.26%,,,100.00%,100.00%,100.00%,96.43%,100.00%,90.00%,,90.00%,
SD,104101252,Butler Area SD,481,578,83.22%,81.88%,84.64%,,,100.00%,75.00%,70.00%,83.86%,33.33%,65.22%,100.00%,71.78%,
SD,101631503,California Area SD,69,74,93.24%,90.48%,96.88%,100.00%,,,100.00%,100.00%,92.65%,,90.91%,,91.67%,
SD,108111203,Cambria Heights SD,110,114,96.49%,100.00%,92.98%,,,,100.00%,,96.46%,,92.31%,,88.57%,
SD,109122703,Cameron County SD,44,49,89.80%,77.78%,96.77%,,,,75.00%,100.00%,90.91%,,100.00%,100.00%,86.36%,
SD,115211003,Camp Hill SD,85,91,93.41%,92.31%,94.87%,,,77.78%,100.00%,75.00%,95.95%,100.00%,100.00%,100.00%,78.57%,
SD,101631703,Canon-McMillan SD,363,379,95.78%,95.36%,96.22%,,,75.00%,93.75%,100.00%,95.99%,100.00%,76.67%,,89.87%,
SD,117081003,Canton Area SD,55,59,93.22%,96.30%,90.63%,,,,,,93.22%,,75.00%,,96.15%,
SD,119351303,Carbondale Area SD,111,125,88.80%,83.87%,93.65%,100.00%,,100.00%,71.43%,80.00%,90.09%,,77.27%,100.00%,87.32%,
SD,115211103,Carlisle Area SD,323,356,90.73%,86.63%,94.57%,100.00%,100.00%,100.00%,80.00%,82.35%,91.73%,95.65%,75.51%,80.00%,78.72%,
SD,103021603,Carlynton SD,90,100,90.00%,87.23%,92.45%,100.00%,,100.00%,76.19%,100.00%,94.37%,50.00%,76.92%,100.00%,80.43%,
SD,101301303,Carmichaels Area SD,73,81,90.12%,90.00%,90.24%,,,,,,91.25%,,75.00%,,85.42%,
SD,121391303,Catasauqua Area SD,99,120,82.50%,80.00%,85.00%,,100.00%,100.00%,75.00%,68.75%,85.39%,80.00%,50.00%,,74.00%,
SD,122092002,Centennial SD,423,456,92.76%,90.91%,95.31%,100.00%,,94.12%,93.75%,80.39%,94.44%,88.89%,88.06%,61.54%,85.81%,
SD,122092102,Central Bucks SD,"1,566","1,611",97.21%,95.81%,98.63%,100.00%,,98.95%,100.00%,85.48%,97.56%,97.14%,87.25%,66.67%,89.39%,
SD,108111303,Central Cambria SD,131,137,95.62%,95.77%,95.45%,,,100.00%,100.00%,,95.56%,,90.48%,,93.75%,
SD,116191503,Central Columbia SD,113,118,95.76%,96.43%,95.16%,,,100.00%,,100.00%,95.58%,100.00%,88.24%,,88.89%,
SD,115221402,Central Dauphin SD,648,762,85.04%,84.30%,85.92%,50.00%,,93.75%,76.71%,65.52%,91.67%,76.74%,69.07%,82.93%,72.63%,100.00%
SD,111291304,Central Fulton SD,64,75,85.33%,77.78%,96.67%,,,,50.00%,,86.30%,,70.00%,,79.31%,
SD,101301403,Central Greene SD,121,133,90.98%,87.50%,96.23%,100.00%,,100.00%,50.00%,100.00%,91.34%,,81.82%,,91.11%,
SD,127042003,Central Valley SD,137,160,85.63%,78.05%,93.59%,,,100.00%,77.78%,50.00%,87.32%,60.00%,84.62%,,61.54%,
SD,112671303,Central York SD,378,399,94.74%,94.61%,94.87%,100.00%,,100.00%,95.45%,92.31%,96.34%,68.42%,67.74%,66.67%,92.13%,
SD,112281302,Chambersburg Area SD,590,734,80.38%,74.54%,86.69%,,,86.67%,71.43%,60.61%,86.75%,80.49%,75.00%,55.84%,73.31%,40.00%
SD,101631803,Charleroi SD,111,136,81.62%,84.06%,79.10%,,,,63.64%,100.00%,82.35%,100.00%,57.89%,,85.25%,
SD,103021752,Chartiers Valley SD,269,277,97.11%,97.33%,96.85%,,,100.00%,100.00%,100.00%,96.75%,100.00%,93.33%,100.00%,95.65%,
SD,101631903,Chartiers-Houston SD,66,71,92.96%,91.11%,96.15%,,,,100.00%,50.00%,95.16%,75.00%,92.31%,,92.31%,
SD,123461302,Cheltenham SD,350,390,89.74%,87.44%,92.15%,100.00%,,100.00%,87.56%,84.62%,91.97%,87.50%,76.39%,88.89%,87.40%,
SD,125231232,Chester-Upland SD,256,440,58.18%,50.72%,64.81%,100.00%,,,59.59%,36.67%,83.33%,52.94%,51.89%,35.29%,62.66%,
SD,108051503,Chestnut Ridge SD,110,116,94.83%,93.33%,96.43%,,,,,100.00%,94.74%,100.00%,95.45%,,90.38%,
SD,125231303,Chichester SD,212,249,85.14%,83.74%,86.51%,,,100.00%,81.94%,76.47%,86.49%,100.00%,77.27%,80.00%,80.00%,
SD,103021903,Clairton City SD,38,52,73.08%,62.50%,82.14%,,,,76.92%,,60.00%,66.67%,100.00%,,69.05%,
SD,106161203,Clarion Area SD,62,70,88.57%,84.21%,93.75%,,,100.00%,100.00%,100.00%,90.16%,33.33%,71.43%,,80.77%,
SD,106161703,Clarion-Limestone Area SD,73,81,90.12%,88.89%,91.67%,,,,,100.00%,90.00%,,83.33%,,84.85%,
SD,108071504,Claysburg-Kimmel SD,71,74,95.95%,96.97%,95.12%,,,,100.00%,100.00%,95.77%,,100.00%,,94.29%,
SD,110171003,Clearfield Area SD,185,204,90.69%,87.18%,95.40%,,100.00%,100.00%,,50.00%,91.62%,80.00%,82.98%,,85.57%,
SD,124151902,Coatesville Area SD,420,515,81.55%,77.21%,86.42%,,,100.00%,75.84%,69.01%,87.36%,75.00%,60.00%,57.14%,73.08%,
SD,113361303,Cocalico SD,230,247,93.12%,89.66%,96.18%,100.00%,,100.00%,100.00%,76.47%,94.26%,85.71%,72.73%,,83.10%,
SD,123461602,Colonial SD,354,377,93.90%,92.96%,94.94%,,,94.44%,88.89%,100.00%,94.54%,87.50%,78.85%,100.00%,85.39%,
SD,113361503,Columbia Borough SD,65,88,73.86%,69.81%,80.00%,,,,55.56%,68.42%,80.36%,50.00%,55.56%,100.00%,72.88%,
SD,104431304,Commodore Perry SD,30,30,100.00%,100.00%,100.00%,,,,,,100.00%,,100.00%,,100.00%,
SD,108561803,Conemaugh Township Area SD,61,68,89.71%,87.88%,91.43%,,,,,,89.71%,,83.33%,,80.00%,
SD,108111403,Conemaugh Valley SD,57,61,93.44%,90.00%,96.77%,,,,50.00%,,94.74%,100.00%,100.00%,,78.95%,
SD,113361703,Conestoga Valley SD,332,347,95.68%,95.94%,95.33%,,,95.00%,92.59%,87.76%,97.57%,100.00%,87.50%,75.00%,92.96%,
SD,112011603,Conewago Valley SD,264,294,89.80%,87.23%,92.16%,100.00%,,100.00%,100.00%,85.11%,90.34%,100.00%,81.82%,100.00%,83.50%,
SD,105201033,Conneaut SD,161,173,93.06%,93.18%,92.94%,100.00%,,,100.00%,33.33%,94.05%,,76.67%,,83.58%,
SD,101261302,Connellsville Area SD,201,251,80.08%,75.59%,84.68%,100.00%,,,100.00%,100.00%,80.00%,50.00%,55.00%,,72.86%,
SD,114061103,Conrad Weiser Area SD,192,206,93.20%,90.53%,95.50%,,,100.00%,92.86%,100.00%,93.06%,66.67%,84.91%,,88.24%,
SD,103022103,Cornell SD,35,40,87.50%,84.21%,90.48%,,,,85.71%,100.00%,88.89%,80.00%,,,87.50%,
SD,113381303,Cornwall-Lebanon SD,333,363,91.74%,89.29%,93.85%,,100.00%,100.00%,86.67%,91.30%,92.47%,66.67%,89.80%,100.00%,86.49%,
SD,105251453,Corry Area SD,144,164,87.80%,83.87%,92.96%,100.00%,,100.00%,100.00%,,87.34%,100.00%,86.11%,,80.43%,
SD,109531304,Coudersport Area SD,72,80,90.00%,84.62%,95.12%,,,100.00%,100.00%,80.00%,89.55%,100.00%,80.00%,,88.24%,
SD,122092353,Council Rock SD,930,960,96.88%,96.12%,97.66%,,,91.57%,100.00%,88.46%,97.73%,,79.17%,77.78%,20.00%,
SD,106611303,Cranberry Area SD,82,84,97.62%,97.56%,97.67%,,,100.00%,100.00%,,97.56%,,100.00%,,97.06%,
SD,105201352,Crawford Central SD,236,269,87.73%,87.67%,87.80%,100.00%,100.00%,100.00%,96.15%,100.00%,86.15%,100.00%,74.51%,,79.82%,
SD,118401403,Crestwood SD,201,206,97.57%,95.28%,100.00%,,,100.00%,,100.00%,97.41%,100.00%,80.95%,,97.22%,
SD,115211603,Cumberland Valley SD,636,657,96.80%,94.91%,98.76%,100.00%,,98.39%,88.89%,75.00%,97.77%,94.44%,80.95%,75.00%,90.83%,
SD,110171803,Curwensville Area SD,79,93,84.95%,80.00%,89.58%,,,,,,84.95%,,91.67%,100.00%,74.42%,
SD,118401603,Dallas SD,198,213,92.96%,88.07%,98.08%,100.00%,,80.00%,100.00%,100.00%,93.50%,50.00%,73.17%,100.00%,85.71%,
SD,112671603,Dallastown Area SD,441,470,93.83%,93.33%,94.42%,100.00%,100.00%,100.00%,89.47%,87.50%,94.21%,100.00%,89.23%,100.00%,88.60%,
SD,114061503,Daniel Boone Area SD,271,308,87.99%,89.81%,86.09%,100.00%,,77.78%,73.68%,90.00%,89.14%,100.00%,80.77%,50.00%,81.54%,
SD,116471803,Danville Area SD,154,161,95.65%,95.52%,95.74%,100.00%,,100.00%,100.00%,100.00%,95.10%,100.00%,100.00%,100.00%,90.91%,
SD,103022253,Deer Lakes SD,146,153,95.42%,93.10%,98.48%,,,100.00%,100.00%,50.00%,96.48%,80.00%,80.77%,50.00%,,
SD,120522003,Delaware Valley SD,362,409,88.51%,87.50%,89.55%,50.00%,,72.73%,81.25%,87.10%,89.88%,84.62%,77.19%,,83.33%,
SD,107651603,Derry Area SD,173,182,95.05%,94.38%,95.70%,,,,,,94.94%,100.00%,77.27%,,91.57%,
SD,115221753,Derry Township SD,269,288,93.40%,92.86%,94.03%,,,100.00%,70.00%,75.00%,94.92%,100.00%,81.82%,33.33%,83.33%,
SD,113362203,Donegal SD,212,227,93.39%,93.91%,92.86%,100.00%,,100.00%,80.00%,90.48%,93.75%,100.00%,83.33%,75.00%,88.31%,
SD,112671803,Dover Area SD,204,251,81.27%,77.95%,84.68%,,,100.00%,64.29%,75.00%,82.43%,100.00%,65.71%,100.00%,77.89%,
SD,124152003,Downingtown Area SD,948,982,96.54%,95.09%,98.10%,,,98.78%,95.12%,94.74%,96.44%,100.00%,85.93%,100.00%,94.23%,
SD,106172003,Dubois Area SD,227,244,93.03%,93.60%,92.44%,,,100.00%,50.00%,100.00%,93.25%,100.00%,93.75%,,85.57%,
SD,119352203,Dunmore SD,111,124,89.52%,87.50%,92.31%,,,100.00%,25.00%,62.50%,93.40%,100.00%,80.00%,,78.95%,
SD,103022803,East Allegheny SD,105,128,82.03%,81.33%,83.02%,,,100.00%,83.72%,100.00%,79.75%,100.00%,66.67%,,86.67%,
SD,117412003,East Lycoming SD,111,117,94.87%,92.16%,96.97%,,,,100.00%,,94.78%,100.00%,80.00%,,90.91%,
SD,121392303,East Penn SD,621,664,93.52%,90.69%,96.37%,100.00%,,95.56%,87.50%,84.00%,94.50%,100.00%,76.92%,37.50%,85.71%,
SD,115212503,East Pennsboro Area SD,181,200,90.50%,87.83%,94.12%,100.00%,,93.75%,88.89%,80.00%,91.67%,75.00%,63.64%,66.67%,76.36%,
SD,120452003,East Stroudsburg Area SD,496,586,84.64%,83.81%,85.61%,50.00%,,91.67%,83.45%,85.14%,85.07%,81.82%,83.02%,100.00%,80.88%,
SD,113362303,Eastern Lancaster County SD,233,248,93.95%,92.80%,95.12%,,,83.33%,66.67%,86.96%,95.75%,100.00%,88.00%,,90.00%,
SD,113382303,Eastern Lebanon County SD,156,172,90.70%,86.46%,96.05%,,,,100.00%,83.33%,90.80%,,78.57%,100.00%,89.47%,
SD,112672203,Eastern York SD,151,162,93.21%,90.48%,96.15%,,100.00%,100.00%,100.00%,76.92%,94.52%,,78.57%,,87.18%,
SD,120483302,Easton Area SD,636,711,89.45%,86.67%,92.31%,,,100.00%,86.39%,84.78%,92.53%,64.71%,75.94%,66.67%,82.70%,
SD,103023153,Elizabeth Forward SD,158,174,90.80%,90.63%,91.03%,,,,100.00%,,90.30%,,65.71%,,75.86%,
SD,113362403,Elizabethtown Area SD,277,306,90.52%,89.13%,91.67%,,100.00%,100.00%,80.00%,77.78%,91.10%,,86.49%,66.67%,82.89%,
SD,119582503,Elk Lake SD,71,82,86.59%,75.00%,97.62%,,,,,66.67%,90.14%,100.00%,62.50%,100.00%,82.35%,
SD,104372003,Ellwood City Area SD,107,115,93.04%,91.80%,94.44%,,,100.00%,100.00%,,93.27%,100.00%,91.67%,,96.77%,
SD,113362603,Ephrata Area SD,293,317,92.43%,90.07%,94.58%,100.00%,,100.00%,83.33%,100.00%,92.54%,50.00%,73.81%,100.00%,84.48%,
SD,105252602,Erie City SD,582,791,73.58%,69.47%,78.13%,50.00%,,80.49%,62.55%,58.16%,84.41%,79.17%,60.14%,62.03%,66.11%,66.67%
SD,108053003,Everett Area SD,121,128,94.53%,94.12%,95.00%,,,,100.00%,100.00%,94.31%,100.00%,73.33%,,92.96%,
SD,114062003,Exeter Township SD,311,334,93.11%,91.36%,94.77%,,,83.33%,83.33%,90.91%,94.14%,75.00%,73.53%,66.67%,84.09%,
SD,112013054,Fairfield Area SD,73,83,87.95%,86.84%,88.89%,,100.00%,,100.00%,100.00%,87.34%,100.00%,77.78%,100.00%,84.62%,
SD,105253303,Fairview SD,117,119,98.32%,100.00%,96.30%,,,,,100.00%,98.25%,,100.00%,,100.00%,
SD,112282004,Fannett-Metal SD,32,35,91.43%,85.71%,100.00%,,100.00%,,,,91.18%,,100.00%,,77.78%,
SD,104432503,Farrell Area SD,48,52,92.31%,92.59%,92.00%,,,,95.35%,100.00%,75.00%,,80.00%,,92.31%,
SD,108112003,Ferndale Area SD,42,45,93.33%,100.00%,87.50%,,,,25.00%,100.00%,100.00%,100.00%,83.33%,,89.66%,
SD,114062503,Fleetwood Area SD,198,205,96.59%,97.20%,95.92%,,,100.00%,100.00%,87.50%,97.13%,,93.55%,100.00%,93.65%,
SD,111292304,Forbes Road SD,24,26,92.31%,87.50%,100.00%,,,,,,92.31%,,80.00%,,77.78%,
SD,106272003,Forest Area SD,36,40,90.00%,76.92%,96.30%,,,,,,90.00%,,100.00%,,86.36%,
SD,119583003,Forest City Regional SD,52,53,98.11%,96.88%,100.00%,100.00%,,100.00%,100.00%,100.00%,97.83%,,100.00%,,96.55%,
SD,108112203,Forest Hills SD,156,160,97.50%,96.39%,98.70%,,,,100.00%,100.00%,97.45%,,90.00%,,96.05%,
SD,101632403,Fort Cherry SD,67,72,93.06%,89.13%,100.00%,,,,100.00%,,92.75%,100.00%,72.73%,,92.00%,
SD,105253553,Fort LeBoeuf SD,165,167,98.80%,100.00%,97.53%,,,100.00%,100.00%,,98.77%,100.00%,95.00%,,97.14%,
SD,103023912,Fox Chapel Area SD,321,331,96.98%,96.95%,97.01%,,,100.00%,88.89%,100.00%,96.89%,,84.00%,100.00%,87.69%,
SD,106612203,Franklin Area SD,139,153,90.85%,88.37%,94.03%,100.00%,100.00%,100.00%,90.00%,100.00%,90.44%,100.00%,88.46%,,85.48%,
SD,107652603,Franklin Regional SD,296,299,99.00%,99.33%,98.67%,,,100.00%,100.00%,100.00%,98.85%,100.00%,94.12%,,96.23%,
SD,101262903,Frazier SD,75,77,97.40%,100.00%,94.59%,,,,100.00%,,97.37%,,90.00%,,95.65%,
SD,127042853,Freedom Area SD,94,105,89.52%,85.42%,92.98%,,,,100.00%,,89.32%,100.00%,66.67%,,80.00%,
SD,128033053,Freeport Area SD,143,150,95.33%,92.86%,98.48%,,,,100.00%,,95.24%,,100.00%,,92.11%,
SD,109532804,Galeton Area SD,14,23,60.87%,54.55%,66.67%,,,,100.00%,,57.14%,,33.33%,,46.67%,
SD,125234103,Garnet Valley SD,391,396,98.74%,98.44%,99.02%,,,100.00%,90.00%,100.00%,98.82%,100.00%,95.12%,,93.18%,
SD,103024102,Gateway SD,267,298,89.60%,83.33%,95.95%,100.00%,100.00%,95.83%,87.88%,50.00%,90.26%,100.00%,64.29%,75.00%,75.95%,
SD,105253903,General McLane SD,168,174,96.55%,96.04%,97.26%,100.00%,,100.00%,,100.00%,96.25%,100.00%,80.00%,,94.00%,
SD,112013753,Gettysburg Area SD,200,216,92.59%,92.37%,92.86%,,,100.00%,91.67%,94.12%,92.13%,100.00%,70.83%,100.00%,89.16%,100.00%
SD,105254053,Girard SD,138,144,95.83%,93.15%,98.59%,50.00%,,,100.00%,,97.08%,66.67%,77.27%,,94.74%,
SD,110173003,Glendale SD,60,62,96.77%,93.75%,100.00%,,,,,,96.77%,,92.31%,,92.59%,
SD,114063003,Governor Mifflin SD,271,300,90.33%,91.67%,88.89%,,,83.33%,95.45%,83.33%,90.91%,100.00%,70.91%,,82.41%,
SD,124153503,Great Valley SD,330,335,98.51%,97.67%,99.39%,,,100.00%,100.00%,92.00%,98.78%,100.00%,91.67%,85.71%,97.10%,
SD,108112502,Greater Johnstown SD,182,218,83.49%,83.96%,83.04%,,,100.00%,87.67%,33.33%,85.48%,69.23%,15.38%,80.00%,85.22%,
SD,107653102,Greater Latrobe SD,330,347,95.10%,92.94%,97.18%,,100.00%,100.00%,100.00%,100.00%,95.15%,87.50%,77.78%,,86.67%,
SD,118402603,Greater Nanticoke Area SD,147,175,84.00%,80.22%,88.10%,100.00%,,,85.71%,85.71%,83.75%,,63.41%,100.00%,81.61%,
SD,112283003,Greencastle-Antrim SD,214,228,93.86%,93.50%,94.29%,,,100.00%,100.00%,100.00%,93.69%,90.00%,79.31%,,88.24%,
SD,107653203,Greensburg Salem SD,181,199,90.95%,84.52%,95.65%,,,100.00%,62.50%,66.67%,93.71%,100.00%,82.61%,,86.67%,
SD,104432803,Greenville Area SD,103,104,99.04%,98.25%,100.00%,,,100.00%,100.00%,100.00%,98.88%,100.00%,100.00%,,100.00%,
SD,115503004,Greenwood SD,58,59,98.31%,100.00%,97.22%,100.00%,,,,,98.28%,,88.89%,,93.75%,
SD,104432903,Grove City Area SD,144,168,85.71%,85.00%,86.76%,,,100.00%,100.00%,50.00%,85.53%,,79.17%,,71.05%,
SD,115222504,Halifax Area SD,44,55,80.00%,71.43%,88.89%,,,,66.67%,100.00%,83.33%,,53.33%,,52.38%,
SD,114063503,Hamburg Area SD,158,178,88.76%,84.38%,93.90%,,,50.00%,100.00%,66.67%,90.18%,,64.00%,66.67%,82.35%,
SD,103024603,Hampton Township SD,253,253,100.00%,100.00%,100.00%,,,100.00%,100.00%,100.00%,100.00%,,100.00%,100.00%,100.00%,
SD,118403003,Hanover Area SD,123,146,84.25%,84.15%,84.38%,,,,80.95%,73.68%,86.67%,100.00%,69.57%,100.00%,76.06%,
SD,112672803,Hanover Public SD,100,119,84.03%,83.33%,84.62%,,,100.00%,100.00%,79.31%,84.81%,100.00%,84.21%,72.73%,76.81%,100.00%
SD,105254353,Harbor Creek SD,144,150,96.00%,95.29%,96.92%,,,,50.00%,100.00%,96.60%,,90.48%,100.00%,91.30%,
SD,110173504,Harmony Area SD,17,20,85.00%,Due to cohort size demographic information has been supressed to comply with FERPA regulations.,,,,,,,,,,,,
SD,115222752,Harrisburg City SD,283,481,58.84%,50.90%,65.64%,,,79.31%,63.04%,44.20%,66.67%,100.00%,41.94%,46.15%,59.38%,50.00%
SD,123463603,Hatboro-Horsham SD,394,402,98.01%,96.76%,99.46%,,,100.00%,100.00%,94.12%,97.89%,100.00%,87.76%,,94.57%,
SD,125234502,Haverford Township SD,423,441,95.92%,93.43%,98.25%,,,100.00%,91.67%,93.75%,95.99%,100.00%,79.55%,50.00%,92.31%,
SD,118403302,Hazleton Area SD,631,824,76.58%,70.28%,83.25%,,,100.00%,30.77%,66.97%,89.22%,75.00%,57.29%,60.36%,6.74%,70.00%
SD,113363103,Hempfield  SD,503,561,89.66%,86.42%,93.44%,100.00%,,100.00%,88.57%,73.42%,92.57%,77.78%,76.54%,63.16%,84.02%,100.00%
SD,107653802,Hempfield Area SD,438,464,94.40%,93.60%,95.33%,100.00%,,100.00%,100.00%,100.00%,94.50%,71.43%,79.25%,,88.14%,
SD,104433303,Hermitage SD,139,147,94.56%,94.74%,94.37%,,,80.00%,100.00%,,94.66%,100.00%,85.71%,,89.36%,
SD,103024753,Highlands SD,152,186,81.72%,77.14%,87.65%,100.00%,,100.00%,80.95%,100.00%,80.65%,100.00%,60.61%,,73.08%,
SD,108073503,Hollidaysburg Area SD,278,290,95.86%,96.62%,95.07%,100.00%,,100.00%,100.00%,75.00%,96.07%,100.00%,92.11%,100.00%,92.21%,
SD,128323303,Homer-Center SD,53,57,92.98%,90.00%,94.59%,,,,100.00%,100.00%,92.45%,,75.00%,,90.48%,
SD,127044103,Hopewell Area SD,163,169,96.45%,95.56%,97.47%,,,100.00%,85.71%,100.00%,97.45%,50.00%,94.74%,,93.18%,
SD,111312503,Huntingdon Area SD,152,162,93.83%,91.03%,96.43%,,,100.00%,100.00%,,93.46%,100.00%,92.00%,100.00%,88.00%,
SD,128323703,Indiana Area SD,172,187,91.98%,89.77%,93.94%,,100.00%,100.00%,60.00%,100.00%,91.98%,100.00%,100.00%,100.00%,87.84%,
SD,125235103,Interboro SD,251,274,91.61%,87.76%,96.06%,,100.00%,100.00%,100.00%,75.00%,91.03%,100.00%,69.81%,100.00%,88.98%,
SD,105256553,Iroquois SD,82,89,92.13%,84.78%,100.00%,,,,100.00%,80.00%,92.41%,100.00%,94.12%,,91.67%,
SD,104433604,Jamestown Area SD,45,48,93.75%,89.29%,100.00%,,,,,,95.74%,,100.00%,,85.71%,
SD,107654103,Jeannette City SD,57,67,85.07%,90.00%,81.08%,,,,54.55%,100.00%,93.33%,80.00%,76.92%,,82.05%,
SD,101303503,Jefferson-Morgan SD,54,60,90.00%,90.91%,88.89%,,,,100.00%,,89.83%,,90.00%,,84.00%,
SD,123463803,Jenkintown SD,42,42,100.00%,100.00%,100.00%,,,100.00%,100.00%,,100.00%,100.00%,100.00%,100.00%,100.00%,
SD,117414003,Jersey Shore Area SD,158,174,90.80%,88.51%,93.10%,,,,100.00%,,90.75%,,81.82%,,83.08%,
SD,121135003,Jim Thorpe Area SD,130,144,90.28%,89.66%,91.23%,,100.00%,100.00%,63.64%,88.46%,93.27%,,78.95%,100.00%,88.00%,
SD,109243503,Johnsonburg Area SD,35,41,85.37%,81.82%,89.47%,,,,,,87.50%,,75.00%,,77.78%,
SD,111343603,Juniata County SD,209,221,94.57%,96.12%,93.22%,100.00%,,,100.00%,92.86%,94.61%,,89.47%,100.00%,89.06%,100.00%
SD,111312804,Juniata Valley SD,42,43,97.67%,95.83%,100.00%,,,,,,97.67%,,100.00%,,94.44%,
SD,109422303,Kane Area SD,90,99,90.91%,93.75%,88.24%,100.00%,,100.00%,,100.00%,90.43%,,90.00%,,86.05%,
SD,104103603,Karns City Area SD,126,131,96.18%,95.59%,96.83%,,,,100.00%,,96.12%,,84.62%,,97.62%,
SD,124154003,Kennett Consolidated SD,289,313,92.33%,91.76%,93.01%,,,83.33%,91.67%,86.29%,97.08%,,82.14%,68.75%,86.61%,28.57%
SD,106166503,Keystone  SD,79,86,91.86%,88.37%,95.35%,,,,,,91.86%,,83.33%,,91.18%,
SD,110183602,Keystone Central SD,311,331,93.96%,91.67%,96.69%,100.00%,100.00%,100.00%,100.00%,100.00%,93.63%,100.00%,94.12%,100.00%,87.86%,
SD,103025002,Keystone Oaks SD,130,152,85.53%,84.51%,86.42%,,,75.00%,50.00%,100.00%,89.39%,50.00%,54.17%,100.00%,75.93%,
SD,107654403,Kiski Area SD,293,325,90.15%,87.21%,93.46%,100.00%,,100.00%,77.78%,100.00%,90.76%,,71.11%,,81.60%,
SD,114064003,Kutztown Area SD,102,108,94.44%,92.16%,96.49%,,,100.00%,66.67%,83.33%,95.92%,,68.75%,,81.48%,
SD,119665003,Lackawanna Trail SD,81,92,88.04%,81.63%,95.35%,100.00%,,,,,89.89%,,73.33%,,88.89%,
SD,118403903,Lake-Lehman SD,157,167,94.01%,91.58%,97.22%,,,,,,94.58%,,82.35%,,90.70%,
SD,119354603,Lakeland SD,111,124,89.52%,88.24%,91.07%,,,100.00%,,,89.34%,,77.27%,,88.89%,
SD,104433903,Lakeview SD,94,98,95.92%,94.34%,97.78%,,,100.00%,100.00%,100.00%,95.79%,,100.00%,,100.00%,
SD,113363603,Lampeter-Strasburg SD,212,226,93.81%,92.45%,95.00%,100.00%,,91.67%,100.00%,80.00%,94.42%,100.00%,69.23%,100.00%,89.19%,
SD,113364002,Lancaster SD,617,734,84.06%,81.03%,86.79%,,,89.19%,84.21%,81.77%,91.96%,75.00%,68.00%,77.48%,90.80%,73.91%
SD,101264003,Laurel Highlands SD,202,217,93.09%,93.14%,93.04%,,,100.00%,92.86%,,93.00%,100.00%,82.76%,,91.07%,
SD,104374003,Laurel SD,108,108,100.00%,100.00%,100.00%,,,100.00%,100.00%,,100.00%,,100.00%,,100.00%,
SD,113384603,Lebanon SD,220,318,69.18%,66.27%,72.37%,,,66.67%,77.78%,64.09%,75.89%,75.00%,48.08%,40.43%,65.44%,100.00%
SD,128034503,Leechburg Area SD,47,51,92.16%,93.10%,90.91%,,,,,,92.00%,100.00%,80.00%,,77.78%,
SD,121135503,Lehighton Area SD,142,159,89.31%,90.00%,88.61%,,,100.00%,50.00%,66.67%,91.16%,,86.67%,,84.38%,
SD,116604003,Lewisburg Area SD,142,148,95.95%,95.18%,96.92%,,,100.00%,87.50%,100.00%,95.97%,100.00%,86.96%,100.00%,93.94%,
SD,107654903,Ligonier Valley SD,112,119,94.12%,88.52%,100.00%,,,,,100.00%,94.07%,,64.29%,,88.24%,
SD,116493503,Line Mountain SD,85,90,94.44%,93.88%,95.12%,,,,,,94.38%,100.00%,75.00%,,91.43%,
SD,112015203,Littlestown Area SD,165,182,90.66%,91.95%,89.47%,,,100.00%,100.00%,100.00%,90.00%,100.00%,77.78%,,85.25%,
SD,115224003,Lower Dauphin SD,263,281,93.59%,94.70%,92.31%,,,100.00%,100.00%,92.86%,93.20%,100.00%,86.84%,100.00%,87.50%,
SD,123464502,Lower Merion SD,607,614,98.86%,99.67%,98.05%,,,98.04%,100.00%,93.33%,98.92%,100.00%,95.52%,100.00%,100.00%,
SD,123464603,Lower Moreland Township SD,196,198,98.99%,99.02%,98.96%,,,100.00%,,83.33%,99.37%,100.00%,100.00%,66.67%,100.00%,
SD,117414203,Loyalsock Township SD,94,101,93.07%,96.36%,89.13%,,100.00%,100.00%,66.67%,,96.51%,50.00%,76.47%,,75.00%,
SD,129544503,Mahanoy Area SD,60,65,92.31%,92.86%,91.30%,,,,100.00%,100.00%,91.23%,,85.71%,,89.74%,
SD,113364403,Manheim Central SD,222,235,94.47%,92.91%,96.30%,100.00%,,100.00%,,93.33%,94.23%,100.00%,69.57%,,89.23%,
SD,113364503,Manheim Township SD,398,435,91.49%,88.99%,94.23%,,,96.88%,81.48%,80.70%,94.65%,80.00%,65.12%,30.00%,88.79%,
SD,128325203,Marion Center Area SD,98,102,96.08%,97.96%,94.34%,,,,,,96.08%,,92.86%,,94.23%,
SD,125235502,Marple Newtown SD,286,295,96.95%,95.51%,98.56%,,,100.00%,100.00%,80.00%,96.88%,100.00%,87.23%,100.00%,97.22%,
SD,104105003,Mars Area SD,254,257,98.83%,97.56%,100.00%,100.00%,,100.00%,100.00%,100.00%,98.80%,100.00%,90.48%,,100.00%,
SD,101633903,McGuffey SD,141,152,92.76%,93.18%,92.19%,100.00%,,,,100.00%,92.62%,,80.95%,,91.80%,
SD,103026002,McKeesport Area SD,214,264,81.06%,79.86%,82.50%,,,,78.29%,100.00%,83.19%,85.71%,76.32%,,76.19%,
SD,115216503,Mechanicsburg Area SD,256,276,92.75%,90.65%,94.89%,,,100.00%,86.96%,76.92%,93.91%,100.00%,80.95%,44.44%,81.58%,
SD,104435003,Mercer Area SD,85,89,95.51%,89.19%,100.00%,,,,,,95.45%,100.00%,,,,
SD,123465303,Methacton SD,382,398,95.98%,94.06%,97.96%,,,96.61%,100.00%,100.00%,95.81%,93.33%,78.00%,33.33%,94.87%,
SD,108565203,Meyersdale Area SD,67,74,90.54%,86.49%,94.59%,,100.00%,,100.00%,,90.28%,,80.00%,,80.00%,
SD,119355503,Mid Valley SD,101,108,93.52%,89.47%,98.04%,,,100.00%,100.00%,80.00%,95.65%,100.00%,64.71%,,,
SD,116555003,Midd-West SD,138,162,85.19%,85.00%,85.37%,,,,100.00%,,85.00%,,51.85%,,80.00%,
SD,115226003,Middletown Area SD,143,161,88.82%,88.17%,89.71%,,,100.00%,83.33%,93.75%,90.52%,80.00%,71.43%,80.00%,80.88%,
SD,111444602,Mifflin County SD,342,385,88.83%,85.55%,91.51%,,,50.00%,80.00%,80.00%,89.50%,83.33%,69.05%,50.00%,84.15%,
SD,116605003,Mifflinburg Area SD,158,169,93.49%,93.18%,93.83%,,,100.00%,60.00%,100.00%,94.44%,,84.00%,,85.71%,
SD,105257602,Millcreek Township SD,523,556,94.06%,92.88%,95.27%,100.00%,,100.00%,85.71%,86.67%,94.99%,75.00%,81.82%,100.00%,88.21%,
SD,115226103,Millersburg Area SD,49,53,92.45%,92.59%,92.31%,,,,100.00%,100.00%,91.84%,,75.00%,,71.43%,
SD,116195004,Millville Area SD,45,47,95.74%,91.67%,100.00%,,,,100.00%,,95.45%,100.00%,88.89%,,92.31%,
SD,116495003,Milton Area SD,154,172,89.53%,86.32%,93.51%,,100.00%,,100.00%,77.78%,89.26%,100.00%,80.00%,100.00%,88.16%,
SD,129544703,Minersville Area SD,94,109,86.24%,88.00%,84.75%,,,,83.33%,66.67%,87.00%,,61.11%,,77.78%,
SD,104375003,Mohawk Area SD,92,96,95.83%,94.74%,97.44%,,,100.00%,,100.00%,95.74%,,85.71%,,96.97%,
SD,107655803,Monessen City SD,51,57,89.47%,80.95%,94.44%,,,,76.92%,,97.14%,77.78%,57.14%,,80.77%,
SD,104105353,Moniteau SD,113,119,94.96%,91.94%,98.25%,,,,100.00%,,94.74%,100.00%,100.00%,100.00%,100.00%,
SD,117415004,Montgomery Area SD,54,59,91.53%,85.71%,96.77%,,,,100.00%,,92.73%,100.00%,70.00%,,90.91%,
SD,103026303,Montour SD,243,251,96.81%,95.16%,98.43%,,,100.00%,100.00%,75.00%,97.31%,83.33%,91.67%,50.00%,92.06%,
SD,117415103,Montoursville Area SD,125,141,88.65%,86.67%,90.91%,,,100.00%,,100.00%,88.32%,,69.23%,100.00%,82.35%,
SD,119584503,Montrose Area SD,111,116,95.69%,94.34%,96.83%,,,100.00%,,100.00%,95.61%,,100.00%,100.00%,93.75%,
SD,103026343,Moon Area SD,291,303,96.04%,95.97%,96.10%,,,100.00%,86.67%,100.00%,96.65%,66.67%,70.83%,100.00%,88.89%,
SD,122097203,Morrisville Borough SD,43,52,82.69%,83.33%,82.14%,,,,89.47%,71.43%,80.00%,100.00%,63.64%,,82.35%,
SD,110175003,Moshannon Valley SD,71,75,94.67%,97.50%,91.43%,,,,,,94.67%,,88.89%,,88.24%,
SD,116495103,Mount Carmel Area SD,104,123,84.55%,76.67%,92.06%,,,,100.00%,100.00%,84.75%,,76.19%,,78.46%,
SD,107655903,Mount Pleasant Area SD,151,166,90.96%,88.37%,93.75%,,,100.00%,50.00%,100.00%,91.72%,100.00%,74.07%,,87.30%,
SD,111316003,Mount Union Area SD,94,100,94.00%,88.68%,100.00%,,,,75.00%,,94.44%,100.00%,92.86%,,90.91%,
SD,119584603,Mountain View SD,72,81,88.89%,93.18%,83.78%,,,,100.00%,,88.46%,,87.50%,,82.14%,
SD,103026402,Mt Lebanon SD,427,436,97.94%,97.78%,98.10%,100.00%,100.00%,96.43%,90.00%,100.00%,98.14%,100.00%,88.89%,80.00%,87.93%,
SD,114065503,Muhlenberg SD,302,323,93.50%,91.36%,95.65%,,,100.00%,93.10%,91.60%,95.68%,75.00%,81.82%,81.82%,92.39%,
SD,117415303,Muncy SD,72,75,96.00%,94.44%,97.44%,100.00%,,,,100.00%,95.89%,,88.89%,,90.91%,
SD,120484803,Nazareth Area SD,354,383,92.43%,90.05%,94.79%,100.00%,100.00%,100.00%,81.82%,70.59%,93.81%,66.67%,80.00%,100.00%,86.44%,
SD,122097502,Neshaminy SD,585,627,93.30%,91.88%,94.79%,,,96.43%,86.36%,96.88%,93.14%,100.00%,85.71%,100.00%,90.20%,
SD,104375203,Neshannock Township SD,89,91,97.80%,100.00%,96.08%,,100.00%,,100.00%,100.00%,97.67%,,100.00%,,92.00%,
SD,127045653,New Brighton Area SD,91,101,90.10%,86.54%,93.88%,,,,94.12%,100.00%,88.75%,100.00%,100.00%,,83.33%,
SD,104375302,New Castle Area SD,147,178,82.58%,73.86%,91.11%,,,,79.59%,100.00%,83.33%,81.82%,89.66%,100.00%,78.81%,
SD,122097604,New Hope-Solebury SD,145,158,91.77%,86.84%,96.34%,,,85.71%,66.67%,100.00%,92.09%,100.00%,25.00%,,100.00%,
SD,107656303,New Kensington-Arnold SD,114,145,78.62%,80.00%,77.14%,,,100.00%,69.23%,60.00%,84.95%,65.00%,58.06%,,73.61%,
SD,115504003,Newport SD,59,65,90.77%,84.21%,100.00%,,,,100.00%,100.00%,90.00%,100.00%,81.82%,,84.62%,
SD,123465602,Norristown Area SD,367,465,78.92%,70.89%,87.28%,50.00%,,77.78%,76.30%,74.59%,89.47%,71.43%,67.03%,58.33%,79.22%,
SD,103026852,North Allegheny SD,643,690,93.19%,91.23%,95.38%,,100.00%,90.41%,87.50%,66.67%,94.03%,85.71%,86.67%,50.00%,88.46%,
SD,106167504,North Clarion County SD,37,39,94.87%,94.12%,95.45%,,,,,,94.87%,,100.00%,,81.82%,
SD,105258303,North East SD,115,123,93.50%,89.66%,96.92%,,,,,100.00%,93.22%,100.00%,94.44%,,95.92%,
SD,103026902,North Hills SD,375,394,95.18%,93.85%,96.48%,,,100.00%,75.00%,87.50%,95.87%,100.00%,88.00%,100.00%,95.79%,
SD,123465702,North Penn SD,"1,016","1,062",95.67%,93.04%,98.45%,100.00%,100.00%,97.16%,91.35%,85.71%,96.36%,100.00%,83.54%,79.31%,90.06%,100.00%
SD,119356503,North Pocono SD,207,217,95.39%,96.61%,93.94%,,,100.00%,100.00%,66.67%,95.71%,,85.19%,,90.16%,
SD,129545003,North Schuylkill SD,116,129,89.92%,89.04%,91.07%,,,100.00%,,,89.76%,,80.77%,,90.70%,
SD,108565503,North Star SD,71,74,95.95%,94.44%,97.37%,,,,,,95.95%,,100.00%,,95.24%,
SD,120484903,Northampton Area SD,384,424,90.57%,87.79%,93.36%,,100.00%,100.00%,80.00%,91.30%,90.88%,85.71%,72.88%,100.00%,83.78%,
SD,117083004,Northeast Bradford SD,74,78,94.87%,94.74%,95.00%,,,,100.00%,,94.81%,,90.00%,,92.59%,
SD,112674403,Northeastern York SD,214,251,85.26%,81.30%,90.18%,100.00%,,100.00%,93.75%,75.00%,84.90%,70.00%,72.73%,,14.29%,
SD,108056004,Northern Bedford County SD,60,63,95.24%,93.75%,96.77%,,100.00%,,,,94.92%,100.00%,77.78%,,86.36%,
SD,108114503,Northern Cambria SD,84,90,93.33%,90.91%,95.65%,,,100.00%,,,93.18%,100.00%,70.00%,,93.18%,
SD,113385003,Northern Lebanon SD,149,169,88.17%,85.87%,90.91%,,,100.00%,100.00%,90.91%,88.16%,,82.76%,100.00%,82.46%,
SD,121394503,Northern Lehigh SD,128,134,95.52%,95.31%,95.71%,,,100.00%,,100.00%,96.43%,,82.61%,100.00%,92.73%,
SD,109535504,Northern Potter SD,41,48,85.42%,76.19%,92.59%,,,,,,87.23%,,70.00%,,85.00%,
SD,117596003,Northern Tioga SD,130,151,86.09%,79.27%,94.20%,,,,80.00%,100.00%,86.62%,50.00%,76.00%,,77.27%,
SD,115674603,Northern York County SD,227,239,94.98%,94.44%,95.58%,,,100.00%,,100.00%,95.26%,,87.10%,,97.22%,
SD,103026873,Northgate SD,70,80,87.50%,82.98%,93.94%,,,100.00%,64.29%,,94.64%,75.00%,85.71%,50.00%,83.78%,
SD,118406003,Northwest Area SD,60,66,90.91%,94.12%,87.50%,,,,100.00%,100.00%,90.63%,,88.24%,,89.47%,
SD,105258503,Northwestern  SD,104,113,92.04%,86.00%,96.83%,,,,100.00%,100.00%,91.74%,100.00%,74.07%,,88.33%,
SD,121394603,Northwestern Lehigh SD,173,176,98.30%,97.06%,100.00%,100.00%,100.00%,100.00%,100.00%,88.89%,98.75%,100.00%,95.65%,,96.88%,
SD,107656502,Norwin SD,408,424,96.23%,96.00%,96.48%,100.00%,,100.00%,100.00%,100.00%,96.08%,100.00%,87.18%,,90.91%,
SD,124156503,Octorara Area SD,177,201,88.06%,83.18%,93.62%,100.00%,,100.00%,80.00%,76.19%,89.82%,,69.70%,66.67%,78.87%,
SD,106616203,Oil City Area SD,152,168,90.48%,93.24%,88.30%,,100.00%,,66.67%,100.00%,91.82%,,85.19%,,83.58%,
SD,119356603,Old Forge SD,74,81,91.36%,88.24%,93.62%,100.00%,,100.00%,100.00%,100.00%,90.41%,100.00%,68.75%,100.00%,83.33%,
SD,114066503,Oley Valley SD,123,131,93.89%,92.68%,95.92%,,,100.00%,,75.00%,95.16%,,85.19%,66.67%,91.30%,
SD,109537504,Oswayo Valley SD,28,29,96.55%,100.00%,93.75%,,,,,,96.55%,,66.67%,,92.86%,
SD,109426003,Otto-Eldred SD,49,55,89.09%,80.77%,96.55%,,100.00%,,,,90.57%,,57.14%,,85.71%,
SD,124156603,Owen J Roberts SD,381,396,96.21%,95.83%,96.57%,,,77.78%,81.82%,92.86%,97.44%,100.00%,87.50%,50.00%,89.04%,
SD,124156703,Oxford Area SD,288,327,88.07%,84.83%,91.95%,,,,87.50%,74.03%,93.36%,75.00%,66.67%,40.00%,79.31%,20.00%
SD,122098003,Palisades SD,136,144,94.44%,94.25%,94.74%,,,100.00%,100.00%,75.00%,94.89%,,86.67%,,87.88%,
SD,121136503,Palmerton Area SD,86,96,89.58%,81.63%,97.87%,,,,100.00%,75.00%,90.11%,,69.23%,,80.56%,
SD,113385303,Palmyra Area SD,245,271,90.41%,93.55%,87.76%,,,87.50%,100.00%,91.67%,90.04%,100.00%,82.86%,,76.60%,
SD,121136603,Panther Valley SD,74,101,73.27%,68.89%,76.79%,,,100.00%,100.00%,33.33%,73.91%,66.67%,50.00%,,78.85%,
SD,121395103,Parkland SD,770,806,95.53%,94.54%,96.53%,,,98.73%,93.18%,89.77%,96.55%,85.71%,89.58%,80.00%,90.68%,
SD,120485603,Pen Argyl Area SD,121,144,84.03%,78.82%,91.53%,,,100.00%,33.33%,33.33%,85.82%,100.00%,48.39%,,13.33%,
SD,108116003,Penn Cambria SD,126,138,91.30%,87.01%,96.72%,,,,50.00%,,91.91%,,81.82%,,81.03%,
SD,103027352,Penn Hills SD,328,405,80.99%,78.54%,83.50%,100.00%,,,79.70%,66.67%,85.04%,62.50%,65.71%,50.00%,80.57%,
SD,113365203,Penn Manor SD,436,466,93.56%,91.29%,96.00%,100.00%,,91.67%,82.35%,89.80%,94.92%,83.33%,86.96%,71.43%,90.36%,100.00%
SD,125236903,Penn-Delco SD,235,251,93.63%,92.80%,94.44%,,,100.00%,68.42%,84.62%,96.17%,100.00%,71.88%,100.00%,86.36%,
SD,107657103,Penn-Trafford SD,318,325,97.85%,96.91%,98.77%,100.00%,,100.00%,100.00%,100.00%,97.79%,,88.89%,,92.06%,
SD,105204703,Penncrest SD,233,241,96.68%,98.54%,94.23%,,,,100.00%,66.67%,96.97%,100.00%,88.89%,50.00%,92.86%,
SD,122098103,Pennridge SD,580,630,92.06%,91.01%,93.33%,,100.00%,94.12%,90.91%,80.95%,92.53%,83.33%,81.82%,50.00%,89.81%,
SD,128326303,Penns Manor Area SD,52,56,92.86%,91.67%,95.00%,,,,50.00%,100.00%,94.34%,,75.00%,,92.59%,
SD,110147003,Penns Valley Area SD,110,116,94.83%,91.94%,98.15%,,,,100.00%,100.00%,94.74%,,81.82%,,91.67%,
SD,122098202,Pennsbury SD,758,790,95.95%,94.28%,97.68%,100.00%,,95.83%,90.91%,96.77%,96.63%,78.57%,84.31%,87.50%,90.91%,
SD,113365303,Pequea Valley SD,117,129,90.70%,88.71%,92.54%,,,,83.33%,100.00%,90.99%,,66.67%,100.00%,86.27%,
SD,123466103,Perkiomen Valley SD,445,450,98.89%,98.65%,99.12%,100.00%,100.00%,100.00%,100.00%,100.00%,98.68%,100.00%,96.00%,,98.51%,
SD,101636503,Peters Township SD,335,340,98.53%,98.30%,98.78%,,100.00%,100.00%,100.00%,100.00%,98.40%,100.00%,100.00%,,100.00%,
SD,126515001,Philadelphia City SD,"6,994","10,409",67.19%,62.34%,71.98%,65.00%,100.00%,84.52%,64.68%,60.95%,73.54%,73.80%,52.70%,61.49%,70.65%,69.23%
SD,110177003,Philipsburg-Osceola Area SD,95,120,79.17%,77.61%,81.13%,,,33.33%,100.00%,,80.53%,100.00%,81.25%,,65.57%,
SD,124157203,Phoenixville Area SD,262,291,90.03%,88.11%,91.89%,,,100.00%,80.00%,71.88%,93.67%,83.33%,76.47%,50.00%,81.08%,
SD,129546003,Pine Grove Area SD,102,116,87.93%,83.58%,93.88%,,,,100.00%,,89.19%,100.00%,73.68%,,78.79%,
SD,103021003,Pine-Richland SD,350,360,97.22%,95.81%,98.82%,,,100.00%,100.00%,100.00%,97.04%,,86.89%,,89.47%,
SD,102027451,Pittsburgh SD,"1,336","1,653",80.82%,77.28%,84.22%,50.00%,,81.61%,77.36%,65.12%,87.20%,75.32%,72.65%,17.86%,85.90%,
SD,118406602,Pittston Area SD,224,246,91.06%,89.47%,92.42%,,,100.00%,75.00%,87.50%,91.38%,100.00%,75.00%,100.00%,84.27%,
SD,120455203,Pleasant Valley SD,398,428,92.99%,92.07%,94.03%,100.00%,100.00%,,89.47%,88.24%,93.90%,100.00%,86.96%,66.67%,88.82%,
SD,103027503,Plum Borough SD,315,324,97.22%,95.60%,99.30%,,,100.00%,90.00%,100.00%,97.74%,50.00%,97.44%,,96.23%,
SD,120455403,Pocono Mountain SD,811,844,96.09%,95.67%,96.54%,100.00%,100.00%,100.00%,96.61%,95.59%,95.97%,80.00%,92.00%,80.00%,95.77%,
SD,109426303,Port Allegany SD,60,65,92.31%,92.31%,92.31%,,,,,100.00%,92.19%,,77.78%,,81.48%,
SD,108116303,Portage Area SD,50,53,94.34%,87.50%,100.00%,,,,,,94.34%,,80.00%,,96.15%,
SD,123466303,Pottsgrove SD,239,264,90.53%,88.03%,93.44%,,100.00%,100.00%,86.05%,76.19%,92.44%,95.00%,80.00%,80.00%,81.72%,
SD,123466403,Pottstown SD,116,173,67.05%,60.44%,74.39%,,,100.00%,62.50%,68.00%,77.19%,47.06%,67.57%,50.00%,68.75%,
SD,129546103,Pottsville Area SD,189,211,89.57%,90.53%,88.79%,,,,88.89%,83.33%,89.95%,100.00%,76.92%,100.00%,83.62%,
SD,106338003,Punxsutawney Area SD,146,158,92.41%,89.87%,94.94%,,,,,100.00%,92.26%,100.00%,57.14%,,88.14%,
SD,128327303,Purchase Line SD,64,68,94.12%,96.67%,92.11%,,,,,,94.12%,,92.86%,,97.37%,
SD,103027753,Quaker Valley SD,154,156,98.72%,97.18%,100.00%,100.00%,,100.00%,100.00%,100.00%,98.46%,100.00%,88.24%,100.00%,100.00%,
SD,122098403,Quakertown Community SD,401,436,91.97%,91.38%,92.65%,,,100.00%,90.00%,90.00%,92.15%,88.89%,71.43%,83.33%,82.91%,
SD,125237603,Radnor Township SD,313,319,98.12%,97.59%,98.69%,,,100.00%,100.00%,90.91%,97.99%,,89.58%,50.00%,92.11%,
SD,114067002,Reading SD,702,"1,051",66.79%,62.25%,71.80%,,,,63.03%,66.94%,72.73%,69.57%,54.55%,60.11%,57.81%,67.86%
SD,112675503,Red Lion Area SD,368,394,93.40%,91.40%,95.95%,,100.00%,100.00%,100.00%,83.33%,94.60%,66.67%,80.43%,,87.60%,
SD,106168003,Redbank Valley SD,93,99,93.94%,87.50%,100.00%,,,,,,93.94%,,91.67%,,88.64%,
SD,104435303,Reynolds SD,75,75,100.00%,100.00%,100.00%,,,,,100.00%,100.00%,,100.00%,,100.00%,
SD,108116503,Richland SD,124,128,96.88%,95.52%,98.36%,,,100.00%,,,96.80%,,91.67%,,93.75%,
SD,109246003,Ridgway Area SD,62,65,95.38%,97.22%,93.10%,,,,100.00%,,95.24%,100.00%,85.71%,,96.00%,
SD,125237702,Ridley SD,419,465,90.11%,88.62%,91.78%,100.00%,,100.00%,84.62%,83.33%,91.07%,66.67%,78.57%,50.00%,82.80%,
SD,101637002,Ringgold SD,188,204,92.16%,92.73%,91.49%,,,100.00%,100.00%,,91.86%,86.67%,74.19%,,84.69%,
SD,127045853,Riverside Beaver County SD,113,122,92.62%,93.88%,91.78%,,,100.00%,100.00%,,93.16%,50.00%,77.27%,,89.19%,
SD,119357003,Riverside SD,85,100,85.00%,79.31%,92.86%,,,100.00%,,75.00%,87.95%,,38.46%,66.67%,76.09%,
SD,103028203,Riverview SD,71,83,85.54%,82.05%,88.64%,,,,71.43%,50.00%,87.50%,100.00%,85.71%,,82.35%,
SD,127046903,Rochester Area SD,48,53,90.57%,92.86%,88.00%,,,100.00%,70.00%,,95.24%,,83.33%,100.00%,83.33%,
SD,108566303,Rockwood Area SD,53,60,88.33%,74.07%,100.00%,,,,,,88.33%,,50.00%,,93.75%,
SD,125237903,Rose Tree Media SD,294,301,97.67%,97.06%,98.47%,,,100.00%,93.33%,100.00%,97.67%,100.00%,82.05%,,94.55%,
SD,109248003,Saint Marys Area SD,143,164,87.20%,85.37%,89.02%,,,,100.00%,100.00%,86.62%,100.00%,71.43%,,73.58%,
SD,121395603,Salisbury Township SD,136,143,95.10%,91.67%,98.59%,,,75.00%,100.00%,89.47%,96.36%,100.00%,86.96%,,94.59%,
SD,108567004,Salisbury-Elk Lick SD,21,21,100.00%,100.00%,100.00%,,,,,,100.00%,,,,100.00%,
SD,120486003,Saucon Valley SD,158,174,90.80%,85.71%,96.39%,,,100.00%,100.00%,66.67%,91.50%,,77.27%,,82.86%,
SD,117086003,Sayre Area SD,58,67,86.57%,80.56%,93.55%,,100.00%,,100.00%,100.00%,85.94%,,60.00%,,68.00%,
SD,129547303,Schuylkill Haven Area SD,92,94,97.87%,95.65%,100.00%,100.00%,,,100.00%,100.00%,97.80%,,95.00%,,100.00%,
SD,114067503,Schuylkill Valley SD,142,153,92.81%,92.31%,93.33%,,,100.00%,100.00%,83.33%,94.74%,50.00%,66.67%,,92.31%,
SD,119357402,Scranton SD,560,711,78.76%,75.94%,82.37%,50.00%,100.00%,77.55%,73.91%,71.23%,83.67%,55.00%,65.54%,71.43%,74.72%,50.00%
SD,116557103,Selinsgrove Area SD,168,181,92.82%,87.06%,97.92%,,,75.00%,80.00%,100.00%,93.83%,75.00%,84.62%,100.00%,91.67%,
SD,104107903,Seneca Valley SD,562,577,97.40%,96.95%,97.87%,,,100.00%,100.00%,87.50%,97.79%,50.00%,90.91%,66.67%,92.66%,
SD,108567204,Shade-Central City SD,43,48,89.58%,93.10%,84.21%,,,,,,89.58%,,77.78%,,86.96%,
SD,103028302,Shaler Area SD,339,361,93.91%,95.06%,92.96%,,,100.00%,80.00%,100.00%,94.22%,87.50%,72.13%,,92.79%,
SD,116496503,Shamokin Area SD,153,173,88.44%,85.37%,91.21%,100.00%,,,100.00%,80.00%,89.17%,66.67%,83.33%,,84.54%,
SD,108567404,Shanksville-Stonycreek SD,27,29,93.10%,89.47%,100.00%,,,,,,92.59%,100.00%,66.67%,,90.91%,
SD,104435603,Sharon City SD,68,73,93.15%,86.84%,100.00%,,,100.00%,92.86%,,92.73%,100.00%,78.57%,,93.48%,
SD,104435703,Sharpsville Area SD,101,106,95.28%,92.16%,98.18%,,,100.00%,100.00%,,95.00%,,100.00%,,91.84%,
SD,129547203,Shenandoah Valley SD,67,79,84.81%,88.64%,80.00%,,,,66.67%,80.95%,88.46%,,72.73%,75.00%,88.46%,100.00%
SD,104376203,Shenango Area SD,70,72,97.22%,97.37%,97.06%,,,,,,97.14%,100.00%,100.00%,,100.00%,
SD,116496603,Shikellamy SD,141,174,81.03%,72.29%,89.01%,100.00%,,,70.00%,64.29%,84.62%,60.00%,70.00%,100.00%,67.69%,
SD,115218003,Shippensburg Area SD,239,264,90.53%,89.21%,92.00%,100.00%,100.00%,83.33%,61.54%,91.67%,92.14%,100.00%,85.42%,100.00%,79.75%,
SD,104107503,Slippery Rock Area SD,171,177,96.61%,97.50%,95.88%,100.00%,,100.00%,100.00%,100.00%,96.49%,,88.46%,100.00%,95.65%,
SD,109427503,Smethport Area SD,61,67,91.04%,86.11%,96.77%,,,,100.00%,,90.91%,,80.00%,,85.71%,
SD,113367003,Solanco SD,251,288,87.15%,84.14%,90.21%,,,,100.00%,88.89%,87.08%,100.00%,26.67%,100.00%,80.81%,100.00%
SD,108567703,Somerset Area SD,168,187,89.84%,89.69%,90.00%,,,,100.00%,33.33%,91.21%,,82.05%,50.00%,81.82%,
SD,123467103,Souderton Area SD,551,590,93.39%,90.79%,96.36%,100.00%,100.00%,92.11%,92.59%,73.17%,95.40%,50.00%,85.71%,41.18%,90.00%,
SD,103028653,South Allegheny SD,89,101,88.12%,90.00%,85.37%,,,100.00%,50.00%,,88.42%,100.00%,71.43%,,82.22%,
SD,104107803,South Butler County SD,220,223,98.65%,99.18%,98.02%,,,,100.00%,,98.65%,,100.00%,,96.08%,
SD,112676203,South Eastern SD,172,184,93.48%,93.26%,93.68%,,100.00%,100.00%,100.00%,50.00%,94.22%,100.00%,78.26%,,91.84%,
SD,103028703,South Fayette Township SD,181,184,98.37%,97.73%,98.96%,100.00%,,100.00%,100.00%,100.00%,98.72%,83.33%,100.00%,100.00%,92.00%,
SD,115218303,South Middleton SD,151,165,91.52%,89.36%,94.37%,,,75.00%,100.00%,88.89%,91.61%,100.00%,82.61%,100.00%,84.85%,
SD,103028753,South Park SD,142,154,92.21%,91.03%,93.42%,,,,50.00%,,93.92%,,83.33%,,87.50%,
SD,127047404,South Side Area SD,94,101,93.07%,94.12%,92.00%,,,,100.00%,,92.71%,100.00%,87.50%,,88.00%,
SD,112676403,South Western SD,257,276,93.12%,93.71%,92.48%,100.00%,,100.00%,100.00%,100.00%,92.40%,100.00%,78.57%,100.00%,90.16%,
SD,117416103,South Williamsport Area SD,79,86,91.86%,89.47%,93.75%,,,100.00%,,100.00%,91.57%,,72.73%,,81.08%,
SD,125238402,Southeast Delco SD,276,324,85.19%,80.38%,89.76%,,,85.71%,85.53%,100.00%,79.71%,100.00%,59.26%,100.00%,87.70%,
SD,101306503,Southeastern Greene SD,54,58,93.10%,90.00%,96.43%,,,,100.00%,,92.86%,,100.00%,,90.32%,
SD,116197503,Southern Columbia Area SD,90,95,94.74%,96.49%,92.11%,100.00%,100.00%,100.00%,100.00%,100.00%,94.44%,,81.25%,,85.00%,
SD,111297504,Southern Fulton SD,66,69,95.65%,90.63%,100.00%,,,100.00%,,100.00%,95.52%,,100.00%,,92.59%,
SD,111317503,Southern Huntingdon County SD,97,110,88.18%,80.36%,96.30%,,,,100.00%,,87.74%,100.00%,85.00%,,82.98%,
SD,121395703,Southern Lehigh SD,264,275,96.00%,94.90%,97.46%,100.00%,,94.12%,80.00%,91.67%,96.67%,,79.31%,,88.57%,
SD,117597003,Southern Tioga SD,125,137,91.24%,90.54%,92.06%,50.00%,,,,50.00%,92.48%,,84.62%,,80.49%,
SD,112676503,Southern York County SD,205,217,94.47%,92.52%,96.36%,,,100.00%,100.00%,100.00%,94.06%,,84.78%,100.00%,90.57%,
SD,107657503,Southmoreland SD,134,140,95.71%,94.74%,96.88%,100.00%,100.00%,100.00%,100.00%,100.00%,95.52%,,77.78%,,92.75%,
SD,108077503,Spring Cove SD,137,140,97.86%,97.10%,98.59%,,,,100.00%,100.00%,97.78%,,87.50%,,96.36%,
SD,112676703,Spring Grove Area SD,253,266,95.11%,94.29%,96.03%,100.00%,,66.67%,100.00%,100.00%,94.94%,100.00%,83.87%,100.00%,90.11%,
SD,123467303,Spring-Ford Area SD,555,585,94.87%,94.69%,95.09%,,,100.00%,94.29%,92.31%,94.95%,92.86%,79.38%,33.33%,91.00%,
SD,125238502,Springfield SD,313,325,96.31%,95.06%,97.55%,,,100.00%,95.45%,100.00%,95.96%,100.00%,75.56%,100.00%,89.71%,
SD,123467203,Springfield Township SD,151,158,95.57%,93.98%,97.33%,,,100.00%,96.15%,80.00%,96.55%,100.00%,80.00%,,86.49%,
SD,110148002,State College Area SD,519,561,92.51%,91.35%,93.75%,,100.00%,90.91%,80.00%,81.82%,93.53%,95.00%,71.70%,33.33%,83.87%,
SD,103028833,Steel Valley SD,111,120,92.50%,88.33%,96.67%,,,100.00%,91.49%,100.00%,94.12%,66.67%,75.00%,100.00%,89.89%,
SD,115228003,Steelton-Highspire SD,56,87,64.37%,60.00%,69.05%,,,,66.67%,58.33%,70.00%,60.00%,62.50%,25.00%,72.60%,
SD,103028853,Sto-Rox SD,74,83,89.16%,91.89%,86.96%,,,100.00%,91.30%,,90.63%,50.00%,81.25%,100.00%,89.66%,
SD,120456003,Stroudsburg Area SD,396,456,86.84%,83.26%,90.78%,,,100.00%,88.68%,83.15%,87.45%,66.67%,74.24%,71.43%,80.39%,
SD,117576303,Sullivan County SD,46,50,92.00%,96.00%,88.00%,,,,,,91.84%,100.00%,83.33%,,86.96%,
SD,119586503,Susquehanna Community SD,51,58,87.93%,80.00%,93.94%,,,,,,89.47%,,85.71%,,86.84%,
SD,115228303,Susquehanna Township SD,199,212,93.87%,90.38%,97.22%,,,100.00%,91.67%,100.00%,92.42%,100.00%,77.27%,100.00%,95.06%,
SD,115506003,Susquenita SD,128,139,92.09%,88.31%,96.77%,,,100.00%,50.00%,71.43%,95.16%,60.00%,85.71%,100.00%,82.05%,
SD,129547603,Tamaqua Area SD,146,155,94.19%,94.12%,94.29%,,,,100.00%,85.71%,94.56%,,85.71%,,91.67%,
SD,106617203,Titusville Area SD,129,139,92.81%,86.96%,98.57%,,,100.00%,100.00%,100.00%,93.18%,,94.44%,100.00%,93.06%,
SD,117086503,Towanda Area SD,105,110,95.45%,94.34%,96.49%,,,100.00%,100.00%,100.00%,95.33%,,85.71%,100.00%,92.98%,
SD,124157802,Tredyffrin-Easttown SD,502,522,96.17%,96.53%,95.82%,,,96.81%,88.24%,90.91%,96.95%,66.67%,87.06%,,81.58%,
SD,129547803,Tri-Valley SD,60,64,93.75%,88.00%,97.44%,,100.00%,,100.00%,100.00%,93.44%,,100.00%,,90.48%,
SD,101638003,Trinity Area SD,241,257,93.77%,91.60%,95.65%,,,66.67%,87.50%,100.00%,94.92%,80.00%,80.00%,,90.36%,
SD,117086653,Troy Area SD,72,83,86.75%,80.85%,94.44%,,,,,100.00%,86.42%,,72.73%,,78.95%,100.00%
SD,114068003,Tulpehocken Area SD,96,109,88.07%,84.75%,92.00%,,,,50.00%,92.86%,89.01%,,78.95%,100.00%,80.95%,
SD,118667503,Tunkhannock Area SD,181,198,91.41%,89.52%,93.55%,,100.00%,100.00%,100.00%,,91.15%,100.00%,74.07%,,85.33%,
SD,108568404,Turkeyfoot Valley Area SD,23,26,88.46%,88.24%,88.89%,100.00%,,,,,87.50%,,75.00%,,81.82%,
SD,112286003,Tuscarora SD,189,218,86.70%,88.03%,85.15%,,,,40.00%,50.00%,88.46%,100.00%,86.21%,100.00%,76.19%,
SD,108058003,Tussey Mountain SD,76,92,82.61%,76.47%,90.24%,,,,,,82.95%,75.00%,73.33%,,88.24%,
SD,114068103,Twin Valley SD,244,266,91.73%,92.59%,90.84%,,100.00%,100.00%,71.43%,80.00%,92.74%,50.00%,82.50%,100.00%,90.54%,
SD,108078003,Tyrone Area SD,113,133,84.96%,78.87%,91.94%,100.00%,,100.00%,100.00%,100.00%,84.25%,,76.19%,50.00%,84.00%,
SD,104377003,Union Area SD,59,60,98.33%,100.00%,97.14%,,,,100.00%,100.00%,97.83%,100.00%,100.00%,,100.00%,
SD,105259103,Union City Area SD,65,72,90.28%,85.71%,94.59%,,,100.00%,75.00%,50.00%,92.31%,,100.00%,,88.10%,
SD,106169003,Union SD,35,38,92.11%,91.67%,92.86%,,,100.00%,100.00%,100.00%,91.43%,,100.00%,,85.00%,
SD,101268003,Uniontown Area SD,162,217,74.65%,70.54%,79.05%,,,,70.00%,50.00%,77.71%,50.00%,46.67%,,77.72%,
SD,124158503,Unionville-Chadds Ford SD,288,314,91.72%,92.45%,90.97%,,,90.91%,100.00%,69.23%,92.72%,100.00%,85.71%,,85.00%,
SD,128328003,United SD,85,90,94.44%,97.73%,91.30%,,,,,,96.59%,,87.50%,,91.43%,
SD,112018523,Upper Adams SD,105,120,87.50%,88.52%,86.44%,,,,,95.00%,86.00%,,85.71%,100.00%,81.63%,100.00%
SD,125239452,Upper Darby SD,764,906,84.33%,79.43%,89.31%,100.00%,,96.12%,80.62%,81.67%,85.43%,87.50%,65.16%,83.56%,81.42%,
SD,115229003,Upper Dauphin Area SD,81,92,88.04%,84.78%,91.30%,,,,50.00%,100.00%,90.59%,,100.00%,,58.82%,
SD,123468303,Upper Dublin SD,324,327,99.08%,98.31%,100.00%,,,100.00%,100.00%,100.00%,98.74%,100.00%,94.12%,100.00%,96.72%,
SD,123468402,Upper Merion Area SD,288,304,94.74%,93.98%,95.65%,75.00%,100.00%,100.00%,86.49%,95.24%,95.48%,100.00%,80.56%,83.33%,92.47%,
SD,123468503,Upper Moreland Township SD,238,250,95.20%,94.62%,95.83%,,,100.00%,96.30%,88.89%,95.43%,100.00%,83.33%,100.00%,94.12%,
SD,123468603,Upper Perkiomen SD,194,206,94.17%,89.52%,99.01%,100.00%,,100.00%,100.00%,100.00%,93.62%,,75.68%,100.00%,87.72%,
SD,103029203,Upper Saint Clair SD,357,362,98.62%,99.00%,98.15%,,,97.62%,66.67%,100.00%,99.03%,100.00%,93.18%,,97.50%,
SD,106618603,Valley Grove SD,63,68,92.65%,89.47%,96.67%,100.00%,,,100.00%,,92.31%,,100.00%,,86.21%,
SD,119358403,Valley View SD,175,194,90.21%,85.71%,94.79%,,,100.00%,50.00%,77.78%,91.48%,100.00%,75.00%,,80.00%,
SD,119648303,Wallenpaupack Area SD,249,265,93.96%,93.38%,94.57%,,,100.00%,85.71%,95.45%,94.42%,,90.48%,,92.25%,
SD,125239603,Wallingford-Swarthmore SD,292,306,95.42%,93.87%,97.20%,,,100.00%,87.88%,100.00%,96.94%,82.35%,85.42%,,92.31%,
SD,105628302,Warren County SD,340,373,91.15%,90.05%,92.31%,,,,85.71%,100.00%,91.39%,66.67%,82.46%,,82.72%,
SD,116498003,Warrior Run SD,100,108,92.59%,88.00%,96.55%,,100.00%,100.00%,,100.00%,92.23%,,87.50%,,81.25%,
SD,113369003,Warwick SD,316,328,96.34%,95.35%,97.44%,,,100.00%,75.00%,93.33%,96.67%,100.00%,88.10%,100.00%,90.91%,
SD,101638803,Washington SD,85,105,80.95%,79.25%,82.69%,,,100.00%,75.00%,100.00%,88.14%,42.86%,66.67%,100.00%,79.31%,
SD,105259703,Wattsburg Area SD,96,102,94.12%,93.33%,95.24%,,,,,100.00%,93.88%,100.00%,87.10%,,84.85%,
SD,119648703,Wayne Highlands SD,204,217,94.01%,90.20%,97.39%,,,,100.00%,80.00%,94.29%,100.00%,78.38%,,89.16%,
SD,112289003,Waynesboro Area SD,318,346,91.91%,90.00%,93.55%,100.00%,,100.00%,91.67%,100.00%,91.54%,100.00%,89.19%,,88.52%,
SD,121139004,Weatherly Area SD,63,65,96.92%,96.88%,96.97%,,,,100.00%,100.00%,96.77%,,90.91%,,97.22%,
SD,117598503,Wellsboro Area SD,84,104,80.77%,76.74%,83.61%,,,,100.00%,100.00%,81.82%,50.00%,72.22%,,77.78%,
SD,103029403,West Allegheny SD,268,282,95.04%,90.15%,99.33%,,,100.00%,100.00%,100.00%,94.68%,100.00%,87.18%,,90.38%,
SD,110179003,West Branch Area SD,73,88,82.95%,79.59%,87.18%,,,,,,82.95%,,68.42%,,76.32%,
SD,124159002,West Chester Area SD,963,992,97.08%,95.98%,98.30%,,,100.00%,93.85%,91.30%,97.47%,100.00%,83.33%,70.00%,89.93%,
SD,101308503,West Greene SD,43,47,91.49%,95.83%,86.96%,,,,,100.00%,93.33%,,100.00%,,100.00%,
SD,103029553,West Jefferson Hills SD,221,235,94.04%,93.65%,94.50%,,,100.00%,100.00%,100.00%,94.01%,,77.78%,,88.46%,
SD,104437503,West Middlesex Area SD,81,82,98.78%,100.00%,97.67%,,,,,100.00%,98.72%,,100.00%,,95.24%,
SD,103029603,West Mifflin Area SD,243,260,93.46%,91.41%,95.45%,100.00%,,100.00%,88.31%,75.00%,96.27%,100.00%,82.46%,66.67%,91.10%,
SD,115508003,West Perry SD,186,204,91.18%,89.22%,93.14%,,,,100.00%,100.00%,91.04%,,80.65%,,84.42%,
SD,115219002,West Shore SD,511,565,90.44%,87.79%,93.51%,,50.00%,100.00%,80.77%,73.17%,92.54%,88.89%,76.11%,80.00%,80.23%,
SD,112678503,West York Area SD,201,232,86.64%,81.42%,91.60%,,,100.00%,74.07%,77.78%,90.96%,75.00%,62.96%,81.82%,79.38%,
SD,127049303,Western Beaver County SD,57,59,96.61%,93.75%,100.00%,,,100.00%,100.00%,100.00%,98.15%,100.00%,94.44%,,100.00%,
SD,119648903,Western Wayne SD,139,147,94.56%,95.00%,94.03%,,,,100.00%,100.00%,94.12%,,82.35%,100.00%,92.31%,
SD,108118503,Westmont Hilltop SD,111,115,96.52%,95.24%,98.08%,,,100.00%,100.00%,,96.30%,100.00%,100.00%,,90.00%,
SD,121397803,Whitehall-Coplay SD,356,369,96.48%,95.41%,97.69%,,100.00%,94.44%,100.00%,92.16%,98.01%,100.00%,93.18%,100.00%,95.60%,100.00%
SD,118408852,Wilkes-Barre Area SD,481,570,84.39%,82.03%,87.12%,,,100.00%,79.25%,81.75%,87.06%,85.71%,69.72%,87.80%,82.41%,
SD,125239652,William Penn SD,287,374,76.74%,73.17%,81.07%,,,100.00%,77.17%,66.67%,66.67%,100.00%,57.33%,100.00%,17.19%,
SD,129548803,Williams Valley SD,59,76,77.63%,78.38%,76.92%,,,,,100.00%,79.17%,,56.52%,100.00%,64.10%,
SD,108079004,Williamsburg Community SD,36,36,100.00%,100.00%,100.00%,,,,100.00%,,100.00%,,100.00%,,100.00%,
SD,117417202,Williamsport Area SD,307,377,81.43%,76.96%,86.71%,,,100.00%,75.86%,75.00%,83.33%,78.38%,76.39%,,77.11%,
SD,104378003,Wilmington Area SD,83,93,89.25%,86.05%,92.00%,100.00%,,,50.00%,75.00%,90.70%,,33.33%,,94.12%,
SD,114069103,Wilson  SD,436,465,93.76%,93.17%,94.44%,100.00%,,96.88%,95.00%,85.00%,94.85%,100.00%,80.00%,62.50%,87.61%,
SD,120488603,Wilson Area SD,149,166,89.76%,84.85%,97.01%,100.00%,,100.00%,76.47%,79.17%,93.86%,87.50%,78.26%,83.33%,87.32%,
SD,108569103,Windber Area SD,61,64,95.31%,93.55%,96.97%,,100.00%,,,100.00%,95.08%,,66.67%,,96.43%,
SD,123469303,Wissahickon SD,315,326,96.63%,97.52%,95.76%,100.00%,100.00%,95.24%,90.32%,92.86%,97.65%,100.00%,92.42%,75.00%,94.12%,
SD,103029902,Woodland Hills SD,234,262,89.31%,89.44%,89.17%,,,100.00%,86.25%,100.00%,94.44%,80.00%,88.10%,100.00%,94.17%,
SD,117089003,Wyalusing Area SD,81,91,89.01%,82.76%,91.94%,,100.00%,,,100.00%,88.64%,100.00%,72.73%,100.00%,84.09%,
SD,118409203,Wyoming Area SD,178,200,89.00%,86.36%,92.22%,,,,100.00%,100.00%,89.18%,100.00%,58.06%,,79.71%,
SD,118409302,Wyoming Valley West SD,316,353,89.52%,88.52%,90.59%,,,100.00%,72.73%,83.33%,92.65%,70.00%,72.22%,100.00%,84.21%,
SD,114069353,Wyomissing Area SD,160,164,97.56%,96.51%,98.72%,100.00%,,100.00%,100.00%,87.50%,100.00%,100.00%,84.00%,100.00%,98.04%,
SD,112679002,York City SD,142,227,62.56%,56.48%,68.07%,,,50.00%,65.88%,68.32%,35.48%,62.50%,43.24%,64.15%,63.51%,100.00%
SD,112679403,York Suburban SD,159,182,87.36%,83.65%,92.31%,100.00%,,90.91%,57.14%,100.00%,92.25%,76.92%,80.00%,50.00%,67.44%,
SD,107658903,Yough SD,173,184,94.02%,93.00%,95.24%,,,100.00%,100.00%,,93.85%,100.00%,90.91%,,92.00%,
Summary,,,"118,131","135,707",87.05%,84.85%,88.98%,73.58%,91.07%,92.45%,74.51%,74.38%,91.18%,79.59%,74.15%,65.28%,80.12%,68.21%
"The LEA graduation rates include students attributed to the district (9999 locations), but does not display students attributed to the State (999999999).",,,,,,,,,,,,,,,,,,
,,,,,,,,,,,,,,,,,,
