Administrative Unit Number (AUN),Local Education Agency (LEA),LEA Type,County Code,County,Pre-Kindergarten AM,Pre-Kindergarten PM,Pre-Kindergarten Full Day,K4 AM,K4 PM,K4 Full Day,K5 AM,K5 PM,K5 Full Day,1st Grade,2nd Grade,3rd Grade,4th Grade,5th Grade,6th Grade,7th Grade,8th Grade,9th Grade,10th Grade,11th Grade,12th Grade,Total
124150002,21st Century Cyber CS,CS,15,Chester,0,0,0,0,0,0,0,0,0,0,0,0,0,0,48,107,140,167,189,172,141,964
103020407,A W Beattie Career Center,OCCCTC,2,Allegheny,0,0,0,0,0,0,0,0,0,0,0,0,0,0,0,0,0,0,128,268,280,676
126514368,ACT Academy Cyber CS,CS,51,Philadelphia,0,0,0,0,0,0,0,0,0,0,0,0,0,0,0,0,0,35,39,39,33,146
128000000,ARIN IU 28,IU,32,Indiana,0,0,0,0,0,0,0,0,19,1,3,4,3,0,3,3,5,10,4,14,17,86
181519176,ASPIRA Bilingual Cyber Charter School,CS,51,Philadelphia,0,0,0,0,0,0,0,0,7,4,6,8,4,15,23,24,28,44,38,28,32,261
119350303,Abington Heights SD,SD,35,Lackawanna,0,0,0,0,0,0,107,104,0,235,235,252,251,259,291,256,273,248,264,263,267,3305
123460302,Abington SD,SD,46,Montgomery,0,0,0,0,0,0,0,0,633,589,626,644,620,621,634,637,611,607,572,591,585,7970
102020003,Academy CS,CS,2,Allegheny,0,0,0,0,0,0,0,0,0,0,0,0,0,0,0,0,12,29,24,25,20,110
125230001,Achievement House CS,CS,15,Chester,0,0,0,0,0,0,0,0,0,0,0,0,0,0,0,12,65,75,106,69,131,458
126510015,Ad Prima CS,CS,51,Philadelphia,0,0,0,0,0,0,0,0,40,91,120,88,99,67,64,60,43,0,0,0,0,672
108110307,Admiral Peary AVTS,OCCCTC,11,Cambria,0,0,0,0,0,0,0,0,0,0,0,0,0,0,0,0,0,32,108,201,153,494
126510020,Agora Cyber CS,CS,15,Chester,0,0,0,0,0,0,0,0,135,161,247,291,326,305,405,466,606,776,804,708,653,5883
101260303,Albert Gallatin Area SD,SD,26,Fayette,0,0,0,0,0,0,0,0,277,238,261,243,227,270,275,247,275,279,287,270,264,3413
127040503,Aliquippa SD,SD,4,Beaver,0,0,0,0,0,0,0,0,92,102,94,96,85,84,84,73,81,73,73,65,77,1079
103000000,Allegheny IU 3,IU,2,Allegheny,0,84,5,0,0,0,0,0,7,13,15,11,15,16,24,24,34,61,51,46,116,522
103020603,Allegheny Valley SD,SD,2,Allegheny,0,0,0,0,0,0,0,0,77,69,60,80,72,73,68,77,76,70,66,89,84,961
106160303,Allegheny-Clarion Valley SD,SD,16,Clarion,0,0,0,0,0,0,0,0,55,53,67,43,44,58,38,54,54,63,68,66,51,714
121390302,Allentown City SD,SD,39,Lehigh,0,0,0,0,0,0,0,0,1200,1280,1366,1415,1409,1306,1158,1140,1123,1736,1289,1103,1103,16628
126512990,Alliance for Progress CS,CS,51,Philadelphia,0,0,0,0,0,0,0,0,50,53,53,50,51,47,48,49,45,0,0,0,0,446
108070502,Altoona Area SD,SD,7,Blair,0,0,0,0,0,0,0,0,592,577,620,620,583,588,582,617,606,593,640,593,553,7764
127040703,Ambridge Area SD,SD,4,Beaver,0,0,0,0,0,0,0,0,156,180,165,181,180,189,196,186,206,213,208,169,189,2418
113380303,Annville-Cleona SD,SD,38,Lebanon,0,0,0,0,0,0,33,49,9,88,95,106,118,92,139,114,110,111,121,122,131,1438
114060503,Antietam SD,SD,6,Berks,0,0,0,0,0,0,0,0,81,88,81,103,93,84,90,92,65,65,70,85,65,1062
104510394,Antonia Pantoja Community Charter School,CS,51,Philadelphia,0,0,0,0,0,0,0,0,71,91,82,73,65,73,82,73,103,0,0,0,0,713
128030603,Apollo-Ridge SD,SD,3,Armstrong,0,0,0,0,0,0,0,0,83,90,84,89,90,103,84,107,110,101,112,77,79,1209
108000000,Appalachia IU 8,IU,11,Cambria,0,0,0,0,0,0,0,0,3,7,9,10,9,11,8,16,11,15,15,29,51,194
128030852,Armstrong SD,SD,3,Armstrong,0,0,0,0,0,0,0,0,406,417,375,412,435,426,387,411,417,404,444,283,298,5115
121395927,Arts Academy CS,CS,39,Lehigh,0,0,0,0,0,0,0,0,0,0,0,0,0,62,100,108,113,0,0,0,0,383
121399898,Arts Academy Elementary Charter School,CS,39,Lehigh,0,0,0,0,0,0,0,0,58,77,74,71,73,56,0,0,0,0,0,0,0,409
117080503,Athens Area SD,SD,8,Bradford,0,0,0,0,0,0,0,0,152,128,146,159,171,150,157,176,149,147,151,169,162,2017
109530304,Austin Area SD,SD,53,Potter,0,0,0,0,0,10,0,0,8,15,14,14,18,14,13,17,14,17,17,13,15,199
101630504,Avella Area SD,SD,63,Washington,0,0,0,0,0,0,0,0,41,51,35,39,37,50,40,48,49,36,49,40,39,554
124150003,Avon Grove CS,CS,15,Chester,0,0,0,0,0,0,0,0,175,173,174,140,140,139,146,144,118,103,78,78,77,1685
124150503,Avon Grove SD,SD,15,Chester,0,0,0,0,0,0,128,119,0,289,308,337,377,389,394,416,395,435,462,443,455,4947
103020753,Avonworth SD,SD,2,Allegheny,0,0,0,0,0,0,0,0,130,156,131,137,122,151,115,131,134,115,134,100,126,1682
117000000,BLaST IU 17,IU,41,Lycoming,0,0,0,0,0,0,0,0,8,18,23,18,28,19,27,25,28,26,36,24,25,305
127046517,Baden Academy CS,CS,4,Beaver,0,0,0,0,0,0,0,0,99,76,101,90,87,47,41,0,0,0,0,0,0,541
110141003,Bald Eagle Area SD,SD,14,Centre,0,0,0,0,0,0,0,0,105,121,105,126,115,131,116,126,130,132,146,146,148,1647
103021102,Baldwin-Whitehall SD,SD,2,Allegheny,0,0,0,0,0,0,0,0,308,323,321,311,282,312,309,329,337,368,330,354,356,4240
120480803,Bangor Area SD,SD,48,Northampton,0,0,0,0,0,0,0,0,207,204,199,220,244,217,225,273,264,244,273,246,279,3095
118400001,Bear Creek Community CS,CS,40,Luzerne,0,0,0,0,0,0,0,0,52,52,52,52,52,52,52,52,50,0,0,0,0,466
127041203,Beaver Area SD,SD,4,Beaver,0,0,0,0,0,0,81,56,0,149,138,149,142,154,163,179,155,155,174,179,184,2058
127041307,Beaver County CTC,OCCCTC,4,Beaver,0,0,0,0,0,0,0,0,0,0,0,0,0,0,0,0,0,1,76,281,228,586
127000000,Beaver Valley IU 27,IU,4,Beaver,0,0,0,0,0,0,34,0,5,4,3,8,4,6,8,8,7,3,15,7,40,152
108051003,Bedford Area SD,SD,5,Bedford,0,0,0,0,0,0,0,0,130,116,110,121,143,142,133,145,131,162,152,148,162,1795
108051307,Bedford County Technical Center,OCCCTC,5,Bedford,0,0,0,0,0,0,0,0,0,0,0,0,0,0,0,0,0,0,158,118,113,389
107650603,Belle Vernon Area SD,SD,65,Westmoreland,0,0,0,0,0,0,0,0,192,180,155,169,185,188,163,224,202,193,194,197,186,2428
110141103,Bellefonte Area SD,SD,14,Centre,0,0,0,0,0,0,0,0,184,200,189,180,222,190,215,232,214,211,222,214,191,2664
108071003,Bellwood-Antis SD,SD,7,Blair,0,0,0,0,0,0,0,0,100,99,95,94,110,100,106,86,98,97,96,92,105,1278
126510010,Belmont Charter School,CS,51,Philadelphia,0,0,0,0,0,0,0,0,90,80,67,81,96,83,62,63,55,0,0,0,0,677
122091002,Bensalem Township SD,SD,9,Bucks,0,0,0,0,0,0,0,0,451,482,518,516,500,474,495,491,480,451,453,462,456,6229
116191004,Benton Area SD,SD,19,Columbia,0,0,0,0,0,0,0,0,59,48,49,58,49,58,45,64,53,56,37,46,40,662
101630903,Bentworth SD,SD,63,Washington,0,0,0,0,0,0,0,0,72,86,94,85,83,91,90,82,89,92,97,89,77,1127
114060557,Berks CTC,OCCCTC,6,Berks,0,0,0,0,0,0,0,0,0,0,0,0,0,0,0,0,0,38,554,564,570,1726
114000000,Berks County IU 14,IU,6,Berks,0,0,0,0,0,0,0,0,48,0,0,4,3,2,0,2,5,15,16,14,50,159
108561003,Berlin Brothersvalley SD,SD,56,Somerset,0,0,0,0,0,0,0,0,40,56,61,55,45,49,46,54,66,45,55,70,63,705
112011103,Bermudian Springs SD,SD,1,Adams,0,0,0,0,0,0,0,0,144,146,123,154,150,170,139,169,160,152,177,157,150,1991
116191103,Berwick Area SD,SD,19,Columbia,0,0,28,0,0,0,0,0,220,210,213,246,245,241,228,231,275,176,186,176,200,2875
103021252,Bethel Park SD,SD,2,Allegheny,0,0,0,0,0,0,163,118,0,242,273,313,274,344,340,306,356,349,362,418,381,4239
120481107,Bethlehem AVTS,OCCCTC,48,Northampton,0,0,0,0,0,0,0,0,0,0,0,0,0,0,0,0,0,0,479,457,453,1389
120481002,Bethlehem Area SD,SD,48,Northampton,0,0,75,0,0,0,0,0,924,921,941,914,1012,1015,1032,1106,1082,1161,1309,1094,1154,13740
101631003,Bethlehem-Center SD,SD,63,Washington,0,0,0,0,0,0,0,0,77,96,81,92,83,81,82,106,85,120,111,80,102,1196
127041503,Big Beaver Falls Area SD,SD,4,Beaver,0,0,27,0,0,0,0,0,152,164,148,147,128,127,126,122,126,125,128,104,120,1744
115210503,Big Spring SD,SD,21,Cumberland,0,0,0,0,0,0,0,0,175,179,219,180,185,185,181,219,179,207,220,225,217,2571
126519476,Birney Preparatory Academy,CS,51,Philadelphia,0,0,0,0,0,0,0,0,80,81,88,90,90,82,74,70,79,0,0,0,0,734
127041603,Blackhawk SD,SD,4,Beaver,0,0,0,0,0,0,0,0,180,156,177,191,208,179,176,178,200,193,171,227,196,2432
108110603,Blacklick Valley SD,SD,11,Cambria,13,12,0,0,0,0,0,0,47,37,51,53,59,63,62,56,41,51,47,53,46,691
128321103,Blairsville-Saltsburg SD,SD,32,Indiana,0,0,40,0,0,0,0,0,105,118,97,125,120,117,113,105,122,104,119,126,110,1521
116191203,Bloomsburg Area SD,SD,19,Columbia,0,0,0,0,0,0,0,0,138,123,109,113,122,123,130,132,155,95,92,120,106,1558
129540803,Blue Mountain SD,SD,54,Schuylkill,0,0,0,0,0,0,0,0,168,166,183,203,182,227,204,218,249,199,227,231,201,2658
119581003,Blue Ridge SD,SD,58,Susquehanna,0,0,0,35,32,0,0,0,66,75,78,67,72,83,69,69,86,68,65,75,78,1018
114060753,Boyertown Area SD,SD,6,Berks,0,0,0,0,0,0,213,240,0,462,527,531,523,575,554,548,578,521,543,546,562,6923
185515523,Boys Latin of Philadelphia CS,CS,51,Philadelphia,0,0,0,0,0,0,0,0,0,0,0,0,0,0,136,115,118,153,103,109,81,815
109420803,Bradford Area SD,SD,42,McKean,0,0,110,0,0,0,0,0,187,175,186,204,185,196,191,175,189,196,210,183,188,2575
114060853,Brandywine Heights Area SD,SD,6,Berks,0,0,0,0,0,0,0,0,103,105,101,83,115,105,119,118,97,130,120,111,134,1441
103021453,Brentwood Borough SD,SD,2,Allegheny,0,0,0,0,0,0,0,0,95,98,99,84,81,95,106,99,88,96,78,110,87,1216
122091303,Bristol Borough SD,SD,9,Bucks,0,0,0,0,0,0,0,0,92,106,95,112,111,119,115,110,103,82,75,66,79,1265
122091352,Bristol Township SD,SD,9,Bucks,0,0,0,0,0,0,0,0,509,517,567,575,576,554,497,521,469,450,399,368,362,6364
106330703,Brockway Area SD,SD,33,Jefferson,0,0,0,0,0,0,0,0,63,73,72,93,79,72,75,85,82,73,64,61,72,964
106330803,Brookville Area SD,SD,33,Jefferson,0,0,0,0,0,0,0,0,116,116,93,130,120,108,129,127,121,117,116,80,109,1482
101260803,Brownsville Area SD,SD,26,Fayette,0,0,0,0,0,0,0,0,117,120,128,119,117,102,133,139,119,134,125,114,91,1558
122000000,Bucks County IU 22,IU,9,Bucks,0,0,0,1,0,0,3,0,26,41,42,59,57,36,64,48,30,45,43,49,167,711
122093460,Bucks County Montessori CS,CS,9,Bucks,0,0,0,0,0,0,0,0,26,37,29,32,26,29,13,0,0,0,0,0,0,192
122091457,Bucks County Technical High School,COMCTC,9,Bucks,0,0,0,0,0,0,0,0,0,0,0,0,0,0,0,0,0,377,368,315,385,1445
101631203,Burgettstown Area SD,SD,63,Washington,0,0,0,0,0,0,0,0,92,80,70,87,86,88,91,85,88,98,93,104,90,1152
107650703,Burrell SD,SD,65,Westmoreland,0,0,0,0,0,0,0,0,144,123,127,122,133,147,140,147,137,158,137,129,146,1790
104101252,Butler Area SD,SD,10,Butler,0,0,0,0,0,0,211,175,0,449,480,530,512,485,482,529,488,517,567,592,561,6578
104101307,Butler County AVTS,OCCCTC,10,Butler,0,0,0,0,0,0,0,0,0,0,0,0,0,0,0,0,0,0,143,408,364,915
119354207,CTC of Lackawanna County,OCCCTC,35,Lackawanna,0,0,0,0,0,0,0,0,0,0,0,0,0,0,0,0,0,0,241,212,173,656
101631503,California Area SD,SD,63,Washington,0,0,0,0,0,0,0,0,63,56,73,72,57,60,77,76,58,76,63,93,71,895
108111203,Cambria Heights SD,SD,11,Cambria,0,0,0,0,0,0,0,0,94,95,103,96,115,105,98,103,109,117,120,122,113,1390
109122703,Cameron County SD,SD,12,Cameron,0,0,0,0,0,0,0,0,44,34,47,47,41,38,29,48,43,43,51,56,50,571
115211003,Camp Hill SD,SD,21,Cumberland,0,0,0,0,0,0,46,41,0,83,93,106,118,103,101,113,121,105,89,104,94,1317
101631703,Canon-McMillan SD,SD,63,Washington,0,0,0,0,0,0,170,193,34,352,399,424,395,408,397,434,425,403,383,409,376,5202
117081003,Canton Area SD,SD,8,Bradford,0,0,0,0,0,0,0,0,69,60,70,62,77,76,86,73,72,84,61,69,52,911
115000000,Capital Area IU 15,IU,21,Cumberland,0,0,0,0,0,0,0,0,6,14,9,12,7,11,13,18,22,17,24,24,38,215
115227010,Capital Area School for the Arts Charter,CS,22,Dauphin,0,0,0,0,0,0,0,0,0,0,0,0,0,0,0,0,0,47,54,49,47,197
121131507,Carbon Career & Technical Institute,COMCTC,13,Carbon,0,0,0,0,0,0,0,0,0,0,0,0,0,0,0,0,0,63,136,111,109,419
121000000,Carbon-Lehigh IU 21,IU,39,Lehigh,0,0,0,0,0,0,47,3,15,27,21,31,40,27,35,37,46,43,56,29,88,545
119351303,Carbondale Area SD,SD,35,Lackawanna,0,0,59,0,0,0,0,0,131,130,131,130,125,124,117,136,120,105,112,120,128,1668
120483007,Career Institute of Technology,OCCCTC,48,Northampton,0,0,0,0,0,0,0,0,0,0,0,0,0,0,0,0,0,3,219,217,219,658
115211103,Carlisle Area SD,SD,21,Cumberland,0,0,0,0,0,0,52,36,284,375,377,374,385,411,404,380,382,411,399,414,351,5035
103021603,Carlynton SD,SD,2,Allegheny,0,0,0,0,0,0,0,0,108,123,105,118,104,101,103,96,96,113,102,104,105,1378
101301303,Carmichaels Area SD,SD,30,Greene,0,0,34,0,0,0,0,0,84,93,75,78,75,74,86,72,91,94,76,66,86,1084
121391303,Catasauqua Area SD,SD,39,Lehigh,0,0,0,0,0,0,66,47,0,92,96,123,130,124,131,123,117,96,119,141,120,1525
122092002,Centennial SD,SD,9,Bucks,0,0,0,0,0,0,166,137,49,368,397,391,422,463,404,496,451,427,463,428,463,5525
122090001,Center for Student Learning CS at Pennsb,CS,9,Bucks,0,0,0,0,0,0,0,0,0,0,0,0,0,0,2,14,14,24,29,39,26,148
122092102,Central Bucks SD,SD,9,Bucks,0,0,0,0,0,0,517,345,53,1161,1199,1345,1394,1409,1478,1557,1564,1545,1617,1589,1668,18441
108111303,Central Cambria SD,SD,11,Cambria,0,0,0,0,0,0,0,0,105,120,126,113,114,121,136,143,105,136,132,142,134,1627
116191503,Central Columbia SD,SD,19,Columbia,0,0,0,0,0,0,0,0,122,151,130,137,145,149,150,128,168,133,139,134,122,1808
115221402,Central Dauphin SD,SD,22,Dauphin,0,0,0,0,0,0,440,412,0,894,924,987,962,931,948,888,875,883,774,766,807,11491
111291304,Central Fulton SD,SD,29,Fulton,0,0,0,0,0,52,0,0,58,82,75,75,80,78,82,52,73,79,67,71,70,994
101301403,Central Greene SD,SD,30,Greene,0,0,0,0,0,0,0,0,128,124,126,142,133,141,134,147,139,146,148,134,125,1767
110000000,Central IU 10,IU,17,Clearfield,0,0,0,0,0,0,8,0,2,0,0,0,0,0,0,1,0,1,3,6,8,29
123460957,Central Montco Technical High School,OCCCTC,46,Montgomery,0,0,0,0,0,0,0,0,0,0,0,0,0,0,0,0,0,1,183,186,182,552
108070001,Central PA Digital Learning Foundation C,CS,7,Blair,0,0,0,0,0,0,0,0,4,1,3,12,14,5,16,13,24,30,24,30,23,199
110141607,Central PA Institute of Science & Techno,OCCCTC,14,Centre,0,0,0,0,0,0,0,0,0,0,0,0,0,0,0,0,0,63,161,150,146,520
116000000,Central Susquehanna IU 16,IU,60,Union,0,0,0,0,0,0,0,0,17,5,5,4,11,8,7,26,18,26,24,35,47,233
127042003,Central Valley SD,SD,4,Beaver,0,0,0,0,0,0,81,99,13,162,179,184,183,191,197,212,167,175,165,172,167,2347
107651207,Central Westmoreland CTC,OCCCTC,65,Westmoreland,0,0,0,0,0,0,0,0,0,0,0,0,0,0,0,0,0,7,296,344,331,978
112671303,Central York SD,SD,67,York,0,0,0,0,0,0,0,0,406,383,399,468,436,455,438,470,465,499,500,440,399,5758
110143060,Centre Learning Community CS,CS,14,Centre,0,0,0,0,0,0,0,0,0,0,0,0,0,21,26,27,25,0,0,0,0,99
112281302,Chambersburg Area SD,SD,28,Franklin,0,0,0,0,0,0,0,0,709,726,704,779,756,738,730,677,662,664,719,711,755,9330
101631803,Charleroi SD,SD,63,Washington,0,0,0,0,0,0,0,0,106,116,122,129,109,130,119,112,114,123,122,111,108,1521
126513190,Charter High School for Architecture and,CS,51,Philadelphia,0,0,0,0,0,0,0,0,0,0,0,0,0,0,0,0,0,206,124,109,112,551
103021752,Chartiers Valley SD,SD,2,Allegheny,0,0,0,0,0,0,0,0,247,267,246,249,245,245,262,224,241,256,258,277,279,3296
101631903,Chartiers-Houston SD,SD,63,Washington,0,0,0,0,0,0,0,0,86,92,77,78,91,89,82,94,93,82,77,103,68,1112
123461302,Cheltenham SD,SD,46,Montgomery,0,0,0,0,0,0,0,0,308,338,356,398,366,369,355,344,348,373,341,347,389,4632
125236827,Chester CS for the Arts,CS,23,Delaware,0,0,0,0,0,0,0,0,43,50,49,47,48,47,49,49,50,51,47,0,0,530
124152880,Chester Co Family Academy CS,CS,15,Chester,0,0,0,0,0,0,0,0,41,38,27,0,0,0,0,0,0,0,0,0,0,106
125232950,Chester Community CS,CS,23,Delaware,0,0,0,0,0,0,0,0,529,476,494,456,388,351,344,310,300,0,0,0,0,3648
124000000,Chester County IU 24,IU,15,Chester,0,0,0,0,0,0,0,0,4,25,25,30,37,35,45,43,60,67,91,95,242,799
124151607,Chester County Technical College High Sc,OCCCTC,15,Chester,0,0,0,0,0,0,0,0,0,0,0,0,0,0,0,0,0,29,503,611,927,2070
125231232,Chester-Upland SD,SD,23,Delaware,0,0,102,0,0,0,0,0,177,182,200,178,186,186,180,202,196,419,424,390,379,3401
108051503,Chestnut Ridge SD,SD,5,Bedford,0,0,38,0,0,0,0,0,83,101,93,107,108,120,113,110,113,116,124,127,116,1469
125231303,Chichester SD,SD,23,Delaware,0,0,0,0,0,0,0,0,251,261,281,268,272,250,249,244,243,246,254,206,216,3241
126513160,Christopher Columbus CS,CS,51,Philadelphia,0,0,0,0,0,0,0,0,100,103,89,93,90,87,88,85,83,0,0,0,0,818
121394017,Circle of Seasons Charter School,CS,39,Lehigh,0,0,0,0,0,0,0,0,46,51,51,50,51,25,0,0,0,0,0,0,0,274
102020001,City CHS,CS,2,Allegheny,0,0,0,0,0,0,0,0,0,0,0,0,0,0,0,0,0,180,164,159,130,633
103021903,Clairton City SD,SD,2,Allegheny,0,0,0,0,0,0,0,0,76,83,75,69,71,63,60,66,56,53,48,52,37,809
106161203,Clarion Area SD,SD,16,Clarion,0,0,0,0,0,0,0,0,68,53,56,61,66,61,43,59,66,52,71,67,75,798
106161357,Clarion County Career Center,OCCCTC,16,Clarion,0,0,0,0,0,0,0,0,0,0,0,0,0,0,0,0,0,0,121,122,132,375
106161703,Clarion-Limestone Area SD,SD,16,Clarion,0,0,20,0,0,0,0,0,73,72,65,67,52,65,52,84,69,65,57,66,78,885
108071504,Claysburg-Kimmel SD,SD,7,Blair,0,0,0,0,0,0,0,0,51,75,57,65,62,51,70,73,75,61,78,51,68,837
110171003,Clearfield Area SD,SD,17,Clearfield,0,0,0,0,0,0,0,0,176,162,184,166,176,175,167,179,164,167,175,189,209,2289
110171607,Clearfield County CTC,OCCCTC,17,Clearfield,0,0,0,0,0,0,0,0,0,0,0,0,0,0,0,0,0,3,22,175,162,362
124151902,Coatesville Area SD,SD,15,Chester,0,0,0,0,0,0,0,0,453,469,488,502,487,481,469,486,485,480,519,587,457,6363
113361303,Cocalico SD,SD,36,Lancaster,0,0,0,0,0,0,103,96,0,213,235,238,231,236,243,244,237,210,266,272,250,3074
124153320,Collegium CS,CS,15,Chester,0,0,0,0,0,0,0,0,458,339,342,297,255,242,192,183,132,134,97,79,72,2822
120000000,Colonial IU 20,IU,48,Northampton,21,4,0,0,0,0,0,0,47,63,89,90,71,82,90,93,105,112,117,108,205,1297
123461602,Colonial SD,SD,46,Montgomery,0,0,0,0,0,0,0,0,430,387,370,399,401,336,356,336,367,379,379,350,371,4862
113361503,Columbia Borough SD,SD,36,Lancaster,0,0,0,0,0,0,0,0,107,115,117,101,106,108,99,112,106,129,96,96,70,1362
116191757,Columbia-Montour AVTS,COMCTC,19,Columbia,0,0,0,0,0,0,0,0,0,0,0,0,0,0,0,0,0,173,159,160,138,630
104431304,Commodore Perry SD,SD,43,Mercer,0,0,0,0,0,0,0,0,41,32,31,39,30,34,23,37,43,42,33,49,31,465
115220002,Commonwealth Charter Academy CS,CS,22,Dauphin,0,0,0,0,0,0,0,0,252,340,351,400,469,511,612,717,866,1307,1135,1043,1005,9008
126512840,Community Academy of Philadelphia CS,CS,51,Philadelphia,0,0,0,0,0,0,0,0,54,60,61,66,65,65,64,93,93,158,151,153,137,1220
108561803,Conemaugh Township Area SD,SD,56,Somerset,0,0,0,0,0,0,0,0,73,65,61,73,77,66,62,87,81,76,95,77,75,968
108111403,Conemaugh Valley SD,SD,11,Cambria,0,0,0,0,0,0,0,0,50,55,53,59,65,55,53,44,53,47,86,68,61,749
113361703,Conestoga Valley SD,SD,36,Lancaster,0,0,0,0,0,0,0,0,286,301,339,323,346,308,312,349,340,350,350,330,358,4292
112011603,Conewago Valley SD,SD,1,Adams,0,0,0,0,0,0,0,0,261,280,284,303,291,306,274,313,295,310,305,295,308,3825
105201033,Conneaut SD,SD,20,Crawford,0,0,0,0,0,0,0,0,117,128,144,132,167,146,162,146,172,183,166,189,165,2017
101266007,Connellsville Area Career & Technical Ce,COMCTC,26,Fayette,0,0,0,0,0,0,0,0,0,0,0,0,0,0,0,0,0,0,1,140,122,263
101261302,Connellsville Area SD,SD,26,Fayette,0,0,0,0,0,0,0,0,319,340,306,331,353,333,338,335,374,361,355,199,223,4167
114061103,Conrad Weiser Area SD,SD,6,Berks,0,0,0,0,0,0,0,0,172,190,173,212,215,195,190,176,221,243,226,258,221,2692
103022103,Cornell SD,SD,2,Allegheny,0,0,0,0,0,0,0,0,39,46,66,40,48,52,36,49,58,59,45,46,46,630
113381303,Cornwall-Lebanon SD,SD,38,Lebanon,0,0,0,0,0,0,172,117,66,342,370,353,380,359,375,387,356,414,395,349,363,4798
105251453,Corry Area SD,SD,25,Erie,0,0,60,0,0,0,0,0,158,148,133,154,176,159,147,144,162,170,152,170,161,2094
109531304,Coudersport Area SD,SD,53,Potter,0,0,0,0,0,0,0,0,71,63,40,57,54,68,59,60,60,63,63,66,75,799
122092353,Council Rock SD,SD,9,Bucks,0,0,0,0,0,0,296,219,18,777,767,813,851,836,871,901,897,900,937,951,989,11023
106611303,Cranberry Area SD,SD,61,Venango,0,0,0,0,0,0,0,0,91,88,112,99,78,95,101,79,98,95,77,86,86,1185
105201352,Crawford Central SD,SD,20,Crawford,0,0,0,0,0,0,0,0,251,269,283,277,296,286,252,288,288,311,312,305,269,3687
105201407,Crawford County CTC,OCCCTC,20,Crawford,0,0,0,0,0,0,0,0,0,0,0,0,0,0,0,0,0,0,133,219,194,546
118401403,Crestwood SD,SD,40,Luzerne,0,0,0,0,0,0,0,0,176,202,229,187,228,201,250,243,215,214,233,227,209,2814
112673300,Crispus Attucks Youthbuild CS,CS,67,York,0,0,0,0,0,0,0,0,0,0,0,0,0,0,0,0,0,0,0,0,98,98
115211657,Cumberland Perry AVTS,OCCCTC,21,Cumberland,0,0,0,0,0,0,0,0,0,0,0,0,0,0,0,0,0,43,298,296,317,954
115211603,Cumberland Valley SD,SD,21,Cumberland,0,0,0,0,0,0,384,243,0,664,663,682,704,686,712,723,665,663,662,646,687,8784
110171803,Curwensville Area SD,SD,17,Clearfield,0,0,0,0,0,0,0,0,67,48,83,82,86,71,83,84,83,74,76,86,92,1015
118401603,Dallas SD,SD,40,Luzerne,0,0,0,0,0,0,87,67,0,193,198,189,203,204,225,198,230,215,216,227,220,2672
112671603,Dallastown Area SD,SD,67,York,0,0,0,0,0,0,0,0,450,454,461,475,529,457,551,482,508,482,520,495,463,6327
114061503,Daniel Boone Area SD,SD,6,Berks,0,0,0,0,0,0,82,77,29,208,241,246,241,276,249,285,292,289,299,306,293,3413
116471803,Danville Area SD,SD,47,Montour,0,0,0,0,0,0,0,0,196,185,163,175,172,177,181,197,204,162,168,151,161,2292
116471111,Danville Ctr Adolescent Female,SJCI,47,Montour,0,0,0,0,0,0,0,0,0,0,0,0,0,0,0,0,0,4,8,3,6,21
115221607,Dauphin County Technical School,COMCTC,22,Dauphin,0,0,0,0,0,0,0,0,0,0,0,0,0,0,0,0,0,270,287,248,240,1045
103022253,Deer Lakes SD,SD,2,Allegheny,0,0,0,0,0,0,0,0,133,158,150,176,127,163,129,166,151,125,148,172,162,1960
125000000,Delaware County IU 25,IU,23,Delaware,0,0,0,0,0,0,0,0,10,11,21,10,26,19,20,18,18,37,55,46,105,396
125232407,Delaware County Technical High School,OCCCTC,23,Delaware,0,0,0,0,0,0,0,0,0,0,0,0,0,0,0,0,0,4,160,361,534,1059
126513470,Delaware Valley CHS,CS,51,Philadelphia,0,0,0,0,0,0,0,0,0,0,0,0,0,0,0,0,0,186,178,164,144,672
120522003,Delaware Valley SD,SD,52,Pike,28,36,3,0,0,0,0,0,275,298,335,318,349,349,337,365,396,392,378,405,394,4658
107651603,Derry Area SD,SD,65,Westmoreland,0,0,0,0,0,0,0,0,148,146,156,155,167,151,151,140,159,149,149,157,184,2012
115221753,Derry Township SD,SD,22,Dauphin,0,0,0,0,0,0,86,89,6,230,232,245,238,255,273,278,322,279,291,274,288,3386
126510011,Discovery Charter School,CS,51,Philadelphia,0,0,0,0,0,0,0,0,56,77,120,121,78,75,67,74,66,0,0,0,0,734
113362203,Donegal SD,SD,36,Lancaster,0,0,0,0,0,0,72,73,67,239,223,253,211,212,226,252,229,239,242,227,221,2986
112671803,Dover Area SD,SD,67,York,0,0,0,0,0,0,0,0,248,278,285,275,275,285,270,307,291,259,249,237,240,3499
124152003,Downingtown Area SD,SD,15,Chester,0,0,0,0,0,0,387,265,82,846,919,902,1007,1049,1033,1023,1079,1038,1020,1013,993,12656
107653040,"Dr Robert Ketterer CS, Inc.",CS,65,Westmoreland,0,0,0,0,0,0,0,0,0,0,0,0,0,0,1,8,17,32,37,36,36,167
106172003,Dubois Area SD,SD,17,Clearfield,0,0,0,0,0,0,0,0,259,279,272,301,307,269,305,290,309,271,220,259,259,3600
119352203,Dunmore SD,SD,35,Lackawanna,0,0,0,0,0,0,0,0,121,85,112,128,129,108,117,130,130,127,125,131,116,1559
103022503,Duquesne City SD,SD,2,Allegheny,0,0,24,0,0,0,0,0,52,46,42,34,54,39,34,0,0,0,0,0,0,325
103022803,East Allegheny SD,SD,2,Allegheny,0,0,19,0,0,0,0,0,103,122,115,120,127,133,141,147,133,144,128,121,120,1673
117412003,East Lycoming SD,SD,41,Lycoming,28,19,0,0,0,0,0,0,136,132,115,135,123,126,127,115,116,133,120,121,120,1666
121392303,East Penn SD,SD,39,Lehigh,0,0,0,0,0,0,203,189,38,539,567,560,658,603,680,663,723,636,668,670,680,8077
115212503,East Pennsboro Area SD,SD,21,Cumberland,0,0,0,0,0,0,0,0,199,193,219,226,213,210,203,193,208,199,212,209,203,2687
120452003,East Stroudsburg Area SD,SD,45,Monroe,0,0,0,0,0,0,0,0,438,456,509,506,521,490,532,540,555,569,597,632,583,6928
123463507,Eastern Center for Arts & Technology,OCCCTC,46,Montgomery,0,0,0,0,0,0,0,0,0,0,0,0,0,0,0,0,0,0,2,219,267,488
113362303,Eastern Lancaster County SD,SD,36,Lancaster,0,0,0,0,0,0,90,80,18,210,239,225,252,224,228,236,266,265,276,242,198,3049
113382303,Eastern Lebanon County SD,SD,38,Lebanon,0,0,0,0,0,0,114,78,8,185,188,190,195,191,207,172,195,181,174,179,170,2427
177518712,Eastern University Academy Charter Schoo,CS,51,Philadelphia,0,0,0,0,0,0,0,0,0,0,0,0,0,0,0,47,62,59,57,72,51,348
107652207,Eastern Westmoreland CTC,OCCCTC,65,Westmoreland,0,0,0,0,0,0,0,0,0,0,0,0,0,0,0,0,0,11,176,168,161,516
112672203,Eastern York SD,SD,67,York,0,0,0,0,0,0,0,0,193,202,177,219,215,197,198,222,222,186,174,162,159,2526
120483302,Easton Area SD,SD,48,Northampton,0,0,0,0,0,0,140,146,316,617,640,693,716,738,672,686,739,729,678,645,674,8829
103023153,Elizabeth Forward SD,SD,2,Allegheny,0,0,0,0,0,0,0,0,165,178,178,169,194,179,174,181,164,176,190,200,172,2320
113362403,Elizabethtown Area SD,SD,36,Lancaster,0,0,0,0,0,0,113,95,9,263,294,305,320,321,297,324,299,322,296,304,293,3855
119582503,Elk Lake SD,SD,58,Susquehanna,0,0,0,0,0,0,0,0,76,92,91,103,94,89,102,80,90,87,92,100,79,1175
104372003,Ellwood City Area SD,SD,37,Lawrence,0,0,0,0,0,0,0,0,116,127,122,131,135,121,123,139,153,124,125,118,111,1645
199025446,Environmental Charter School at Frick Pa,CS,2,Allegheny,0,0,0,0,0,0,0,0,50,72,75,75,74,72,73,69,73,0,0,0,0,633
113362603,Ephrata Area SD,SD,36,Lancaster,0,0,0,0,0,0,164,134,13,331,309,320,342,346,312,333,313,323,317,299,314,4170
105252602,Erie City SD,SD,25,Erie,30,19,201,0,0,0,0,0,893,922,947,971,945,892,760,750,762,1040,840,714,701,11387
105252807,Erie County Technical School,OCCCTC,25,Erie,0,0,0,0,0,0,0,0,0,0,0,0,0,0,0,0,0,0,251,286,253,790
105257512,Erie Rise Leadership Academy Charter Sch,CS,25,Erie,0,0,0,0,0,0,0,0,44,40,39,61,38,44,32,40,19,0,0,0,0,357
126513440,Esperanza Academy Charter School,CS,51,Philadelphia,0,0,0,0,0,0,0,0,0,0,0,0,0,0,220,221,220,223,194,173,179,1430
126511563,Esperanza Cyber CS,CS,51,Philadelphia,0,0,0,0,0,0,0,0,3,2,2,1,2,1,14,16,17,44,25,24,23,174
126513100,Eugenio Maria De Hostos CS,CS,51,Philadelphia,0,0,0,0,0,0,0,0,52,53,48,52,48,94,79,44,40,0,0,0,0,510
108053003,Everett Area SD,SD,5,Bedford,0,0,0,0,0,0,0,0,95,94,97,110,79,90,83,102,103,102,106,109,136,1306
120450003,Evergreen Community CS,CS,45,Monroe,0,0,0,0,0,0,0,0,0,0,0,0,0,0,12,15,15,15,15,13,15,100
121398065,Executive Education Academy Charter Scho,CS,39,Lehigh,0,0,0,0,0,0,0,0,94,105,81,91,96,79,91,95,87,80,82,0,0,981
114062003,Exeter Township SD,SD,6,Berks,0,0,0,0,0,0,0,0,249,280,293,288,264,293,296,326,326,342,332,353,347,3989
112013054,Fairfield Area SD,SD,1,Adams,0,0,0,0,0,0,0,0,52,70,64,64,69,70,77,83,75,87,95,90,82,978
105253303,Fairview SD,SD,25,Erie,0,0,0,0,0,0,0,0,103,99,123,123,132,129,126,142,121,133,125,125,119,1600
112282004,Fannett-Metal SD,SD,28,Franklin,0,0,0,0,0,0,0,0,19,35,34,38,54,35,37,40,44,43,36,40,35,490
104432503,Farrell Area SD,SD,43,Mercer,0,0,0,0,0,0,0,0,61,54,51,49,53,62,49,65,61,52,45,54,56,712
101262507,Fayette County Career & Technical Instit,OCCCTC,26,Fayette,0,0,0,0,0,0,0,0,0,0,0,0,0,0,0,0,0,0,242,221,174,637
119350001,Fell CS,CS,35,Lackawanna,0,0,0,0,0,0,0,0,24,21,25,19,22,22,20,22,7,0,0,0,0,182
108112003,Ferndale Area SD,SD,11,Cambria,0,0,0,66,0,0,0,0,19,42,54,58,60,46,59,43,50,50,64,59,45,715
100510000,First Philadelphia Preparatory Charter S,CS,51,Philadelphia,0,0,0,0,0,0,0,0,182,170,169,169,170,169,174,170,162,97,87,54,90,1863
114062503,Fleetwood Area SD,SD,6,Berks,0,0,0,0,0,0,0,0,168,143,161,162,191,191,213,219,216,228,202,201,208,2503
126510021,Folk Arts-Cultural Treasures CS,CS,51,Philadelphia,0,0,0,0,0,0,0,0,50,56,56,54,54,56,53,54,51,0,0,0,0,484
103023807,Forbes Road CTC,OCCCTC,2,Allegheny,0,0,0,0,0,0,0,0,0,0,0,0,0,0,0,0,0,4,247,228,182,661
111292304,Forbes Road SD,SD,29,Fulton,0,0,0,0,0,28,0,0,26,31,20,22,27,26,28,22,26,22,30,30,28,366
106272003,Forest Area SD,SD,27,Forest,0,0,26,0,0,0,0,0,23,30,26,39,36,39,40,20,29,37,44,40,44,473
119583003,Forest City Regional SD,SD,58,Susquehanna,0,0,31,0,0,24,0,0,63,47,55,43,56,56,61,53,61,43,71,56,57,777
108112203,Forest Hills SD,SD,11,Cambria,32,24,0,0,0,0,0,0,134,133,132,143,147,138,135,152,131,128,153,143,163,1888
101632403,Fort Cherry SD,SD,63,Washington,0,0,0,0,0,0,0,0,65,62,69,67,102,97,67,78,91,94,89,83,74,1038
105253553,Fort LeBoeuf SD,SD,25,Erie,0,0,0,0,0,0,0,0,130,155,152,179,168,174,163,161,162,179,180,176,176,2155
103023912,Fox Chapel Area SD,SD,2,Allegheny,0,0,0,0,0,0,0,0,281,302,286,303,319,294,298,312,313,357,350,347,333,4095
106612203,Franklin Area SD,SD,61,Venango,0,0,0,0,0,0,0,0,165,136,153,148,165,142,141,144,127,156,152,150,155,1934
112282307,Franklin County CTC,OCCCTC,28,Franklin,0,0,0,0,0,0,0,0,0,0,0,0,0,0,0,0,0,0,152,179,147,478
107652603,Franklin Regional SD,SD,65,Westmoreland,0,0,0,0,0,0,9,0,218,244,234,245,234,263,286,265,260,294,303,317,314,3486
126513450,Franklin Towne CHS,CS,51,Philadelphia,0,0,0,0,0,0,0,0,0,0,0,0,0,0,0,0,0,313,292,271,317,1193
147513703,Franklin Towne Charter Elementary School,CS,51,Philadelphia,0,0,0,0,0,0,0,0,103,104,104,104,98,104,97,98,98,0,0,0,0,910
101262903,Frazier SD,SD,26,Fayette,41,18,0,0,0,0,0,0,77,81,90,100,75,85,79,93,108,98,95,81,83,1204
126518547,Frederick Douglass Mastery Charter Schoo,CS,51,Philadelphia,0,0,0,0,0,0,0,0,84,82,81,90,106,94,88,71,73,0,0,0,0,769
127042853,Freedom Area SD,SD,4,Beaver,0,0,0,0,0,0,0,0,105,92,100,117,97,95,115,115,116,105,115,107,103,1382
128033053,Freeport Area SD,SD,3,Armstrong,0,0,0,0,0,0,0,0,135,125,135,139,134,141,146,153,160,135,157,167,148,1875
126513270,Freire CS,CS,51,Philadelphia,0,0,0,0,0,0,0,0,0,0,0,0,0,110,113,140,143,156,118,124,107,1011
111292507,Fulton County AVTS,OCCCTC,29,Fulton,0,0,0,0,0,0,0,0,0,0,0,0,0,0,0,0,0,3,59,58,45,165
109532804,Galeton Area SD,SD,53,Potter,0,0,0,0,0,25,0,0,29,29,24,25,22,26,25,26,31,29,33,14,16,354
125234103,Garnet Valley SD,SD,23,Delaware,0,0,0,0,0,0,135,154,0,299,302,346,376,354,381,370,439,394,428,418,413,4809
103024102,Gateway SD,SD,2,Allegheny,0,0,0,0,0,0,0,0,210,244,231,242,264,240,246,235,289,289,283,276,284,3333
105253903,General McLane SD,SD,25,Erie,0,0,0,0,0,0,0,0,142,144,166,152,167,157,194,168,175,177,193,183,181,2199
112013753,Gettysburg Area SD,SD,1,Adams,0,0,0,0,0,0,0,0,166,213,181,246,220,227,238,255,257,210,250,337,270,3070
197010542,Gettysburg Montessori Charter School,CS,1,Adams,0,0,0,0,0,0,0,0,43,31,41,18,27,18,9,0,0,0,0,0,0,187
129544907,Gillingham Charter School,CS,54,Schuylkill,0,0,0,0,0,0,0,0,14,17,14,17,21,19,19,18,15,16,15,20,15,220
105254053,Girard SD,SD,25,Erie,23,25,0,0,0,0,0,0,115,113,124,123,126,129,142,129,128,122,145,141,146,1731
110173003,Glendale SD,SD,17,Clearfield,0,0,0,0,0,0,0,0,53,44,54,67,57,57,64,62,70,63,72,55,61,779
126513380,Global Leadership Academy CS,CS,51,Philadelphia,0,0,0,0,0,0,0,0,75,75,78,86,80,78,76,77,73,0,0,0,0,698
126518004,Global Leadership Academy CS Southwest a,CS,51,Philadelphia,0,0,0,0,0,0,0,0,69,76,67,74,58,53,43,56,47,0,0,0,0,543
114063003,Governor Mifflin SD,SD,6,Berks,0,0,0,0,0,0,0,0,261,280,305,273,321,304,349,348,352,326,340,338,311,4108
124153503,Great Valley SD,SD,15,Chester,0,0,0,0,0,0,111,73,41,298,295,305,331,295,314,355,315,316,317,321,326,4013
108070607,Greater Altoona CTC,OCCCTC,7,Blair,0,0,0,0,0,0,0,0,0,0,0,0,0,0,0,0,0,100,310,300,240,950
108112607,Greater Johnstown CTC,OCCCTC,11,Cambria,0,0,0,0,0,0,0,0,0,0,0,0,0,0,0,0,0,2,120,105,92,319
108112502,Greater Johnstown SD,SD,11,Cambria,0,0,13,0,0,88,0,0,233,233,242,263,224,188,204,218,216,225,206,219,216,2988
107653102,Greater Latrobe SD,SD,65,Westmoreland,0,0,0,0,0,0,0,0,230,254,287,271,305,283,310,311,353,327,321,343,354,3949
118402603,Greater Nanticoke Area SD,SD,40,Luzerne,0,0,0,0,0,0,0,0,184,172,171,178,168,154,173,173,196,185,195,174,163,2286
126510005,Green Woods CS,CS,51,Philadelphia,0,0,0,0,0,0,0,0,76,73,79,76,81,76,78,76,69,0,0,0,0,684
112283003,Greencastle-Antrim SD,SD,28,Franklin,0,0,0,0,0,0,0,0,203,193,239,252,259,249,230,245,232,212,256,221,232,3023
101302607,Greene County CTC,OCCCTC,30,Greene,0,0,0,0,0,0,0,0,0,0,0,0,0,0,0,0,0,2,117,111,98,328
107653203,Greensburg Salem SD,SD,65,Westmoreland,0,0,0,0,0,0,0,0,205,217,211,235,225,240,210,228,237,204,238,200,214,2864
104432803,Greenville Area SD,SD,43,Mercer,0,0,0,0,0,0,0,0,83,108,91,105,84,97,99,103,87,124,120,109,109,1319
115503004,Greenwood SD,SD,50,Perry,0,0,0,0,0,0,0,0,53,60,53,53,56,67,57,69,61,64,55,53,62,763
104432903,Grove City Area SD,SD,43,Mercer,0,0,0,0,0,0,64,67,0,126,157,156,152,155,159,166,204,216,255,273,285,2435
108057079,HOPE for Hyndman CS,CS,5,Bedford,0,0,0,0,0,0,0,0,19,12,20,17,18,14,21,19,23,15,20,37,22,257
115222504,Halifax Area SD,SD,22,Dauphin,0,0,15,0,0,0,0,0,87,73,72,87,78,75,77,76,89,74,64,81,61,1009
114063503,Hamburg Area SD,SD,6,Berks,0,0,0,0,0,0,0,0,149,149,146,159,171,179,160,190,159,183,186,170,177,2178
103024603,Hampton Township SD,SD,2,Allegheny,0,0,0,0,0,0,88,54,0,191,186,237,179,243,209,246,247,240,252,264,255,2891
118403003,Hanover Area SD,SD,40,Luzerne,0,0,0,0,0,0,0,0,161,172,135,163,154,139,163,188,161,151,155,150,146,2038
112672803,Hanover Public SD,SD,67,York,0,0,0,0,0,0,0,0,182,156,176,158,159,145,161,129,123,129,120,125,103,1866
126512850,Harambee Institute of Science and Techno,CS,51,Philadelphia,0,0,0,0,0,0,0,0,53,55,53,69,74,44,42,42,49,0,0,0,0,481
105254353,Harbor Creek SD,SD,25,Erie,0,0,0,0,0,0,0,0,122,151,173,142,156,166,149,189,152,197,156,198,150,2101
110173504,Harmony Area SD,SD,17,Clearfield,0,0,0,0,0,0,0,0,16,21,24,18,12,21,33,20,30,23,20,21,19,278
115222752,Harrisburg City SD,SD,22,Dauphin,0,0,0,0,0,0,0,0,584,573,595,606,509,513,516,447,417,521,392,249,305,6227
123463603,Hatboro-Horsham SD,SD,46,Montgomery,0,0,0,0,0,0,150,133,0,354,340,370,341,331,363,386,371,405,419,393,411,4767
125234502,Haverford Township SD,SD,23,Delaware,0,0,0,0,0,0,255,185,13,495,486,482,480,480,506,448,475,433,431,411,449,6029
118403207,Hazleton Area Career Center,OCCCTC,40,Luzerne,0,0,0,0,0,0,0,0,0,0,0,0,0,0,0,0,0,16,219,202,230,667
118403302,Hazleton Area SD,SD,40,Luzerne,0,0,0,0,0,0,421,393,0,906,860,920,901,904,863,888,862,902,796,824,783,11223
134677866,Helen Thackston Charter School,CS,67,York,0,0,0,0,0,0,0,0,0,0,0,0,0,0,69,75,81,102,99,67,63,556
113363103,Hempfield  SD,SD,36,Lancaster,0,0,0,0,0,0,217,184,52,524,492,538,535,534,531,513,527,557,566,539,556,6865
107653802,Hempfield Area SD,SD,65,Westmoreland,0,0,0,0,0,0,0,0,404,370,442,438,460,422,416,459,443,502,453,479,475,5763
104433303,Hermitage SD,SD,43,Mercer,0,0,0,0,0,0,0,0,132,139,163,153,167,164,169,168,152,154,152,167,156,2036
103024753,Highlands SD,SD,2,Allegheny,21,19,0,0,0,0,0,0,168,206,192,202,209,198,183,191,221,209,195,175,181,2570
102023217,Hill House Passport Academy Charter Scho,CS,2,Allegheny,0,0,0,0,0,0,0,0,0,0,0,0,0,0,0,0,0,6,25,54,65,150
108073503,Hollidaysburg Area SD,SD,7,Blair,0,0,0,0,0,0,0,0,219,245,239,253,258,281,257,270,302,280,282,272,291,3449
128323303,Homer-Center SD,SD,32,Indiana,0,0,0,0,0,0,0,0,70,65,57,69,66,55,75,74,81,62,63,74,58,869
127044103,Hopewell Area SD,SD,4,Beaver,0,0,0,0,0,0,0,0,137,170,166,170,147,175,142,153,152,155,160,167,187,2081
119355028,Howard Gardner Multiple Intelligence CS,CS,35,Lackawanna,0,0,0,0,0,0,0,0,46,33,33,22,22,22,22,22,22,0,0,0,0,244
111312503,Huntingdon Area SD,SD,31,Huntingdon,0,0,0,0,0,0,0,0,123,136,144,160,147,151,145,138,136,172,149,161,161,1923
111312607,Huntingdon County CTC,OCCCTC,31,Huntingdon,0,0,0,0,0,0,0,0,0,0,0,0,0,0,0,0,0,1,119,114,90,324
114060392,I-LEAD Charter School,CS,6,Berks,0,0,0,0,0,0,0,0,0,0,0,0,0,0,0,0,0,168,106,131,54,459
126512980,Imhotep Institute CHS,CS,51,Philadelphia,0,0,0,0,0,0,0,0,0,0,0,0,0,0,0,0,0,149,146,146,125,566
126513510,Independence CS,CS,51,Philadelphia,0,0,0,0,0,0,0,0,93,94,97,98,96,90,76,76,82,0,0,0,0,802
126512039,Independence CS West,CS,51,Philadelphia,0,0,0,0,0,0,0,0,100,99,51,48,0,0,0,0,0,0,0,0,0,298
128323703,Indiana Area SD,SD,32,Indiana,0,0,40,0,0,0,0,0,215,241,214,199,213,212,227,231,207,239,216,211,200,2865
128324207,Indiana County Technology Center,OCCCTC,32,Indiana,0,0,0,0,0,0,0,0,0,0,0,0,0,0,0,0,0,0,140,157,123,420
115220001,Infinity CS,CS,22,Dauphin,0,0,0,0,0,0,0,0,6,23,20,23,19,15,15,16,12,0,0,0,0,149
121395526,Innovative Arts Academy CS,CS,39,Lehigh,0,0,0,0,0,0,0,0,0,0,0,0,0,0,62,49,47,38,29,37,21,283
126513070,Inquiry Charter School,CS,51,Philadelphia,0,0,0,0,0,24,0,0,46,51,46,23,0,0,0,0,0,0,0,0,0,190
125235103,Interboro SD,SD,23,Delaware,0,0,0,0,0,0,0,0,265,247,243,257,246,249,246,246,285,232,281,274,309,3380
101000000,Intermediate Unit 1,IU,63,Washington,0,0,0,0,0,0,18,14,4,11,20,13,22,25,20,18,29,27,38,46,43,348
105256553,Iroquois SD,SD,25,Erie,0,0,0,0,0,0,0,0,89,81,85,98,103,87,114,100,84,103,101,102,99,1246
104433604,Jamestown Area SD,SD,43,Mercer,0,0,0,0,0,0,0,0,28,38,44,33,25,38,41,49,35,52,43,34,45,505
107654103,Jeannette City SD,SD,65,Westmoreland,0,0,0,0,0,0,0,0,91,95,84,91,85,85,82,88,72,88,71,59,68,1059
106333407,Jefferson County-DuBois AVTS,COMCTC,33,Jefferson,0,0,0,0,0,0,0,0,0,0,0,0,0,0,0,0,0,111,94,89,89,383
101303503,Jefferson-Morgan SD,SD,30,Greene,0,0,21,0,0,0,0,0,55,64,61,62,53,59,53,55,59,60,53,58,57,770
123463803,Jenkintown SD,SD,46,Montgomery,0,0,0,0,0,0,0,0,64,51,46,54,48,49,61,60,69,45,57,39,41,684
117414003,Jersey Shore Area SD,SD,41,Lycoming,0,0,0,0,0,0,0,0,161,175,158,182,221,192,193,206,195,205,207,178,162,2435
121135003,Jim Thorpe Area SD,SD,13,Carbon,0,0,0,0,0,0,0,0,149,139,129,169,165,151,171,175,172,184,168,140,145,2057
133513315,John B Stetson Charter School,CS,51,Philadelphia,0,0,0,0,0,0,0,0,0,0,0,0,0,174,225,262,229,0,0,0,0,890
109243503,Johnsonburg Area SD,SD,24,Elk,0,0,15,0,0,0,0,0,40,42,34,49,49,48,55,52,39,52,48,31,38,592
111343603,Juniata County SD,SD,34,Juniata,0,0,0,0,0,0,0,0,191,208,186,225,204,204,228,235,233,280,221,213,227,2855
111312804,Juniata Valley SD,SD,31,Huntingdon,0,0,0,0,0,0,0,0,42,49,53,57,50,51,63,53,72,65,51,53,52,711
126514864,KIPP DuBois Charter School,CS,51,Philadelphia,0,0,0,0,0,0,0,0,0,0,0,0,0,0,0,0,0,146,134,122,119,521
126510013,KIPP Philadelphia Charter School,CS,51,Philadelphia,0,0,0,0,0,0,0,0,100,100,81,82,90,82,90,91,88,0,0,0,0,804
126515492,KIPP West Philadelphia CS,CS,51,Philadelphia,0,0,0,0,0,0,0,0,99,0,0,0,0,0,0,0,0,0,0,0,0,99
172510793,KIPP West Philadelphia Preparatory Chart,CS,51,Philadelphia,0,0,0,0,0,0,0,0,0,0,0,0,0,93,89,90,89,0,0,0,0,361
109422303,Kane Area SD,SD,42,McKean,0,0,0,0,0,0,0,0,92,86,70,70,88,97,98,89,115,87,95,85,92,1164
104103603,Karns City Area SD,SD,10,Butler,0,0,0,0,0,0,0,0,96,100,97,117,108,124,97,132,95,104,126,138,129,1463
124154003,Kennett Consolidated SD,SD,15,Chester,0,0,0,0,0,0,0,0,301,304,300,297,298,351,330,353,327,348,313,338,290,4150
106166503,Keystone  SD,SD,16,Clarion,0,0,0,0,0,0,0,0,64,80,58,85,69,84,87,83,92,84,78,74,86,1024
182514568,Keystone Academy Charter School,CS,51,Philadelphia,0,0,0,0,0,0,0,0,79,76,87,80,81,79,82,52,51,0,0,0,0,667
110183707,Keystone Central CTC,OCCCTC,18,Clinton,0,0,0,0,0,0,0,0,0,0,0,0,0,0,0,0,0,0,23,100,154,277
110183602,Keystone Central SD,SD,18,Clinton,0,0,89,0,0,0,0,0,281,292,287,315,296,325,302,314,316,285,325,317,339,4083
104432830,Keystone Education Center CS,CS,43,Mercer,0,0,0,0,0,0,0,0,0,0,0,0,0,0,0,7,20,27,32,60,41,187
103025002,Keystone Oaks SD,SD,2,Allegheny,0,0,0,0,0,0,0,0,160,136,141,138,132,165,146,145,137,140,159,157,156,1912
126510017,Khepera CS,CS,51,Philadelphia,0,0,0,0,0,0,0,0,48,47,55,50,56,50,45,49,48,0,0,0,0,448
107654403,Kiski Area SD,SD,65,Westmoreland,0,0,0,0,0,0,0,0,274,264,256,289,283,274,295,310,263,276,318,300,317,3719
114064003,Kutztown Area SD,SD,6,Berks,0,0,0,0,0,0,0,0,92,82,79,109,95,99,96,118,101,113,114,110,107,1315
113362940,La Academia Partnership Charter School,CS,36,Lancaster,0,0,0,0,0,0,0,0,0,0,0,0,0,0,39,22,32,27,36,28,30,214
126513110,Laboratory CS,CS,51,Philadelphia,0,0,0,0,0,0,0,0,99,85,77,70,66,69,64,55,40,0,0,0,0,625
119665003,Lackawanna Trail SD,SD,66,Wyoming,0,0,0,0,0,0,0,0,69,70,65,66,91,74,78,92,74,87,58,84,83,991
118403903,Lake-Lehman SD,SD,40,Luzerne,0,0,0,0,0,0,0,0,117,114,132,146,131,133,141,175,161,156,151,130,172,1859
119354603,Lakeland SD,SD,35,Lackawanna,0,0,0,0,0,0,0,0,103,86,98,120,120,114,117,102,121,129,124,119,120,1473
104433903,Lakeview SD,SD,43,Mercer,0,0,0,0,0,0,0,0,57,59,68,76,64,86,78,99,88,109,86,103,101,1074
113363603,Lampeter-Strasburg SD,SD,36,Lancaster,0,0,0,0,0,0,100,96,0,187,228,216,226,225,252,236,258,262,267,261,231,3045
113363807,Lancaster County CTC,OCCCTC,36,Lancaster,0,0,0,0,0,0,0,0,0,0,0,0,0,0,0,0,0,0,0,397,990,1387
113364002,Lancaster SD,SD,36,Lancaster,0,0,381,0,0,0,0,0,976,890,964,922,905,896,778,829,747,814,850,748,636,11336
113000000,Lancaster-Lebanon IU 13,IU,36,Lancaster,0,0,155,0,0,0,4,10,38,53,37,43,43,45,31,35,42,62,51,46,127,822
101264003,Laurel Highlands SD,SD,26,Fayette,0,0,0,0,0,0,0,0,243,194,223,223,257,240,243,217,235,251,259,229,217,3031
104374003,Laurel SD,SD,37,Lawrence,0,0,0,0,0,0,0,0,77,81,76,90,83,75,99,98,108,89,80,96,116,1168
104374207,Lawrence County CTC,COMCTC,37,Lawrence,0,0,0,0,0,0,0,0,0,0,0,0,0,0,0,0,0,0,133,142,123,398
113384307,Lebanon County CTC,OCCCTC,38,Lebanon,0,0,0,0,0,0,0,0,0,0,0,0,0,0,0,0,0,0,7,252,327,586
113384603,Lebanon SD,SD,38,Lebanon,0,0,0,0,0,318,0,0,389,396,410,355,394,372,340,344,364,343,360,266,277,4928
128034503,Leechburg Area SD,SD,3,Armstrong,0,0,0,0,0,0,19,26,0,55,52,53,55,52,55,49,45,77,61,61,63,723
121393007,Lehigh Career & Technical Institute,OCCCTC,39,Lehigh,0,0,0,0,0,0,0,0,0,0,0,0,0,0,0,0,0,373,612,636,781,2402
120480002,Lehigh Valley Academy Regional CS,CS,48,Northampton,0,0,0,0,0,0,0,0,148,149,150,150,149,149,146,148,148,128,74,85,58,1682
120483170,Lehigh Valley Charter High School for th,CS,48,Northampton,0,0,0,0,0,0,0,0,0,0,0,0,0,0,0,0,0,164,159,160,118,601
139481451,Lehigh Valley Dual Language Charter Scho,CS,48,Northampton,0,0,0,0,0,0,0,0,54,53,53,53,56,52,64,46,35,0,0,0,0,466
121135503,Lehighton Area SD,SD,13,Carbon,0,0,0,0,0,0,0,0,164,187,174,200,198,166,227,182,201,179,175,173,151,2377
128034607,Lenape Tech,COMCTC,3,Armstrong,0,0,0,0,0,0,0,0,0,0,0,0,0,0,0,0,0,0,130,203,211,544
116604003,Lewisburg Area SD,SD,60,Union,20,0,0,0,0,0,0,0,138,146,131,140,141,144,161,164,151,142,165,172,150,1965
107654903,Ligonier Valley SD,SD,65,Westmoreland,0,0,0,0,0,111,0,0,77,79,119,102,126,117,118,113,102,151,149,132,123,1619
112673500,Lincoln CS,CS,67,York,0,0,0,0,0,0,0,0,130,108,124,123,114,97,0,0,0,0,0,0,0,696
112000000,Lincoln IU 12,IU,1,Adams,0,0,0,0,0,0,0,0,55,62,77,92,103,118,111,109,108,146,182,163,252,1578
175390169,Lincoln Leadership Academy Charter Schoo,CS,39,Lehigh,0,0,0,0,0,0,0,0,59,57,50,50,27,27,53,60,65,58,57,61,52,676
127040002,Lincoln Park Performing Arts CS,CS,4,Beaver,0,0,0,0,0,0,0,0,0,0,0,0,0,0,0,78,93,139,157,139,117,723
116493503,Line Mountain SD,SD,49,Northumberland,0,0,0,0,0,0,0,0,83,73,70,101,76,92,95,89,108,98,96,91,92,1164
112015203,Littlestown Area SD,SD,1,Adams,0,0,0,0,0,0,0,0,144,136,132,128,151,156,150,153,167,158,152,147,178,1952
115224003,Lower Dauphin SD,SD,22,Dauphin,0,0,0,0,0,0,102,97,77,269,259,276,276,298,278,312,309,278,292,301,289,3713
123464502,Lower Merion SD,SD,46,Montgomery,0,0,0,0,0,0,230,172,0,660,689,659,683,693,695,628,613,662,725,647,646,8402
123464603,Lower Moreland Township SD,SD,46,Montgomery,0,0,0,0,0,0,0,0,110,149,141,167,193,183,190,191,188,185,182,189,204,2272
117414203,Loyalsock Township SD,SD,41,Lycoming,0,0,0,0,0,0,0,0,98,120,94,129,107,129,99,123,127,125,133,114,102,1500
115509998,Loysville Youth Dev Ctr,SJCI,50,Perry,0,0,0,0,0,0,0,0,0,0,0,0,0,0,0,0,1,16,17,20,35,89
118000000,Luzerne IU 18,IU,40,Luzerne,0,0,0,0,0,0,0,0,7,16,19,12,17,21,23,18,24,40,57,63,121,438
117414807,Lycoming CTC,OCCCTC,41,Lycoming,0,0,0,0,0,0,0,0,0,0,0,0,0,0,0,0,0,0,96,103,102,301
126513150,MAST Community Charter School,CS,51,Philadelphia,0,0,0,0,0,0,0,0,77,104,108,110,108,86,85,115,115,111,109,104,100,1332
126513117,MaST Community CS II,CS,51,Philadelphia,0,0,0,0,0,0,0,0,101,96,100,97,0,0,0,0,0,0,0,0,0,394
129544503,Mahanoy Area SD,SD,54,Schuylkill,0,0,0,0,0,0,0,0,94,74,79,75,83,83,85,63,84,80,82,91,64,1037
102023030,Manchester Academic CS,CS,2,Allegheny,0,0,0,0,0,0,0,0,50,39,46,42,46,41,36,23,19,0,0,0,0,342
113364403,Manheim Central SD,SD,36,Lancaster,23,0,0,0,0,0,0,0,221,209,204,231,228,203,226,244,197,268,254,235,240,2983
113364503,Manheim Township SD,SD,36,Lancaster,0,0,0,0,0,0,0,0,407,412,458,448,472,440,444,445,469,461,438,454,400,5748
126513480,Mariana Bracetti Academy CS,CS,51,Philadelphia,0,0,0,0,0,0,0,0,70,67,74,78,74,0,86,85,89,152,158,146,129,1208
128325203,Marion Center Area SD,SD,32,Indiana,28,31,0,0,0,0,0,0,112,77,111,97,97,94,103,101,108,108,107,110,101,1385
126510014,Maritime Academy Charter School,CS,51,Philadelphia,0,0,0,0,0,0,0,0,0,0,22,50,73,94,101,99,98,81,70,66,53,807
125235502,Marple Newtown SD,SD,23,Delaware,0,0,0,0,0,0,91,86,3,244,250,259,268,236,228,243,246,256,292,269,300,3271
104105003,Mars Area SD,SD,10,Butler,0,0,0,0,0,0,109,114,2,220,232,262,243,263,259,257,291,273,241,283,262,3311
126510002,Mastery CHS - Lenfest Campus,CS,51,Philadelphia,0,0,0,0,0,0,0,0,0,0,0,0,0,0,0,114,114,106,90,81,80,585
126519644,Mastery CS - Cleveland Elementary,CS,51,Philadelphia,0,0,0,0,0,0,0,0,99,98,92,91,87,82,85,79,58,0,0,0,0,771
126518795,Mastery CS - Francis D. Pastorius Elemen,CS,51,Philadelphia,0,0,0,0,0,0,0,0,56,77,78,72,55,56,57,72,45,0,0,0,0,568
126513290,Mastery CS - Hardy Williams,CS,51,Philadelphia,0,0,0,0,0,0,0,0,70,82,85,90,85,81,109,115,118,113,113,82,86,1229
126518118,Mastery CS John Wister Elementary,CS,51,Philadelphia,0,0,0,0,0,0,0,0,115,73,87,85,85,78,0,0,0,0,0,0,0,523
126511748,Mastery CS-Clymer Elementary,CS,51,Philadelphia,0,0,0,0,0,0,0,0,74,72,80,92,86,72,66,0,0,0,0,0,0,542
126513734,Mastery CS-Gratz Campus,CS,51,Philadelphia,0,0,0,0,0,0,0,0,0,0,0,0,0,0,0,162,160,325,291,303,275,1516
126516457,Mastery CS-Harrity Campus,CS,51,Philadelphia,0,0,0,0,0,0,0,0,98,96,101,105,104,87,85,83,86,0,0,0,0,845
126519433,Mastery CS-Mann Campus,CS,51,Philadelphia,0,0,0,0,0,0,0,0,84,77,82,80,76,73,78,0,0,0,0,0,0,550
151514721,Mastery CS-Pickett Campus,CS,51,Philadelphia,0,0,0,0,0,0,0,0,0,0,0,0,0,0,142,141,144,135,113,111,110,896
126510022,Mastery CS-Shoemaker Campus,CS,51,Philadelphia,0,0,0,0,0,0,0,0,0,0,0,0,0,0,0,134,124,147,128,130,126,789
126517286,Mastery CS-Smedley Campus,CS,51,Philadelphia,0,0,0,0,0,0,0,0,101,118,120,116,112,107,104,0,0,0,0,0,0,778
126510023,Mastery CS-Thomas Campus,CS,51,Philadelphia,0,0,0,0,0,0,0,0,76,78,108,130,81,81,106,116,116,144,109,111,84,1340
126513230,Math Civics and Sciences CS,CS,51,Philadelphia,0,0,0,0,0,0,0,0,0,85,89,92,93,77,88,88,87,83,68,78,78,1006
101633903,McGuffey SD,SD,63,Washington,0,0,0,0,0,0,0,0,144,97,125,116,135,123,139,121,131,113,125,123,146,1638
103026002,McKeesport Area SD,SD,2,Allegheny,0,0,0,0,0,0,0,0,263,220,286,264,268,250,257,255,264,309,262,252,240,3390
103026037,McKeesport Area Tech Ctr,OCCCTC,2,Allegheny,0,0,0,0,0,0,0,0,0,0,0,0,0,0,0,0,0,10,84,99,85,278
115216503,Mechanicsburg Area SD,SD,21,Cumberland,0,0,0,0,0,0,0,0,364,331,296,358,320,270,323,283,302,286,286,299,295,4013
126519392,Memphis Street Academy CS @ JP Jones,CS,51,Philadelphia,0,0,0,0,0,0,0,0,0,0,0,0,0,148,240,233,230,0,0,0,0,851
104435003,Mercer Area SD,SD,43,Mercer,0,0,0,0,0,0,0,0,72,71,79,78,94,92,83,88,79,96,85,109,92,1118
104435107,Mercer County Career Center,OCCCTC,43,Mercer,0,0,0,0,0,0,0,0,0,0,0,0,0,0,0,0,0,0,46,221,173,440
123465303,Methacton SD,SD,46,Montgomery,0,0,0,0,0,0,174,96,0,326,375,368,377,363,377,433,367,362,402,411,412,4843
108565203,Meyersdale Area SD,SD,56,Somerset,0,0,0,0,0,0,0,0,51,56,66,53,57,71,68,49,72,77,72,66,77,835
119355503,Mid Valley SD,SD,35,Lackawanna,0,0,0,0,0,0,0,0,148,144,157,149,178,135,124,148,150,117,125,117,109,1801
116555003,Midd-West SD,SD,55,Snyder,0,0,0,0,0,0,0,0,163,160,173,149,159,195,160,184,175,177,154,181,147,2177
122097007,Middle Bucks Institute of Technology,OCCCTC,9,Bucks,0,0,0,0,0,0,0,0,0,0,0,0,0,0,0,0,0,0,248,243,253,744
115226003,Middletown Area SD,SD,22,Dauphin,0,0,0,0,0,0,0,0,176,196,184,197,200,192,196,170,162,179,159,172,157,2340
127045303,Midland Borough SD,SD,4,Beaver,0,0,0,0,0,22,0,0,22,34,36,33,26,23,28,20,29,0,0,0,0,273
104000000,Midwestern IU 4,IU,43,Mercer,0,0,0,0,0,0,0,0,0,3,3,1,6,2,4,0,5,9,2,3,14,52
111444307,Mifflin County Academy of Science and Te,OCCCTC,44,Mifflin,0,0,0,0,0,0,0,0,0,0,0,0,0,0,0,0,0,0,125,104,92,321
111444602,Mifflin County SD,SD,44,Mifflin,0,0,0,0,0,0,0,0,318,331,375,387,375,377,385,394,416,393,420,433,375,4979
116605003,Mifflinburg Area SD,SD,60,Union,0,0,0,0,0,0,0,0,175,147,136,149,141,141,169,203,161,186,167,144,168,2087
105257602,Millcreek Township SD,SD,25,Erie,130,0,0,0,0,0,0,0,429,416,445,498,524,522,504,538,576,505,584,564,585,6820
115226103,Millersburg Area SD,SD,22,Dauphin,0,0,0,0,0,0,0,0,59,55,60,69,68,62,62,58,66,55,76,70,56,816
116195004,Millville Area SD,SD,19,Columbia,0,0,0,0,0,0,0,0,51,53,61,41,43,53,47,66,66,54,53,48,51,687
116495003,Milton Area SD,SD,49,Northumberland,0,0,0,0,0,0,0,0,160,149,150,159,165,165,173,155,168,169,168,146,163,2090
129544703,Minersville Area SD,SD,54,Schuylkill,0,0,0,21,17,0,0,0,79,82,80,102,93,97,86,88,80,95,96,73,105,1194
104375003,Mohawk Area SD,SD,37,Lawrence,0,0,0,0,0,0,0,0,115,120,108,112,108,141,95,124,112,121,87,116,100,1459
101634207,Mon Valley CTC,OCCCTC,63,Washington,0,0,0,0,0,0,0,0,0,0,0,0,0,0,0,0,0,2,140,160,109,411
107655803,Monessen City SD,SD,65,Westmoreland,0,0,60,0,0,0,0,0,58,72,49,65,66,65,60,58,73,74,53,58,61,872
104105353,Moniteau SD,SD,10,Butler,0,0,0,0,0,0,49,54,1,91,97,102,86,109,98,113,114,113,104,103,122,1356
120454507,Monroe Career & Tech Inst,OCCCTC,45,Monroe,0,0,0,0,0,0,0,0,0,0,0,0,0,0,0,0,0,117,260,246,358,981
105250004,Montessori Regional CS,CS,25,Erie,0,0,0,0,0,0,0,0,114,92,85,68,61,54,30,0,0,0,0,0,0,504
117415004,Montgomery Area SD,SD,41,Lycoming,0,0,3,0,0,56,0,0,59,71,64,87,63,72,65,69,65,61,77,54,51,917
123000000,Montgomery County IU 23,IU,46,Montgomery,0,0,0,0,0,0,54,71,9,13,15,8,10,5,7,7,4,16,25,22,43,309
103026303,Montour SD,SD,2,Allegheny,0,0,0,0,0,0,0,0,200,209,220,224,213,188,209,213,208,243,228,270,249,2874
117415103,Montoursville Area SD,SD,41,Lycoming,0,0,0,0,0,0,0,0,129,142,155,149,166,170,162,160,169,160,126,179,149,2016
119584503,Montrose Area SD,SD,58,Susquehanna,0,0,0,0,0,0,0,0,108,82,102,91,100,95,100,119,110,100,123,134,117,1381
103026343,Moon Area SD,SD,2,Allegheny,0,0,0,0,0,0,0,0,296,265,277,276,303,300,267,297,294,288,299,286,296,3744
122097203,Morrisville Borough SD,SD,9,Bucks,0,0,0,0,0,0,39,20,0,72,68,60,70,77,80,59,72,52,67,59,51,846
110175003,Moshannon Valley SD,SD,17,Clearfield,0,0,0,0,0,0,0,0,50,60,58,71,73,63,75,76,58,70,70,81,75,880
116495103,Mount Carmel Area SD,SD,49,Northumberland,0,0,0,20,20,0,0,0,119,125,119,108,110,126,117,98,101,125,97,116,114,1515
107655903,Mount Pleasant Area SD,SD,65,Westmoreland,0,0,0,0,0,0,0,0,161,155,162,160,140,181,147,149,167,176,146,166,156,2066
111316003,Mount Union Area SD,SD,31,Huntingdon,0,0,0,0,0,0,0,0,93,101,106,116,107,119,128,108,114,117,119,116,96,1440
119584603,Mountain View SD,SD,58,Susquehanna,0,0,0,0,0,0,0,0,75,75,65,73,64,66,87,75,72,84,78,79,79,972
103026402,Mt Lebanon SD,SD,2,Allegheny,0,0,0,0,0,0,227,116,6,351,411,400,414,424,466,449,408,431,460,443,435,5441
114065503,Muhlenberg SD,SD,6,Berks,0,0,0,0,0,0,1,0,242,228,255,277,280,280,288,310,282,289,303,283,350,3668
126513000,Multicultural Academy CS,CS,51,Philadelphia,0,0,0,0,0,0,0,0,0,0,0,0,0,0,0,0,0,93,68,55,54,270
117415303,Muncy SD,SD,41,Lycoming,0,0,0,0,0,0,0,0,79,72,89,85,89,95,73,101,87,63,80,71,77,1061
120484803,Nazareth Area SD,SD,48,Northampton,0,0,0,0,0,0,0,0,334,289,351,352,373,350,354,374,399,395,365,378,371,4685
122097502,Neshaminy SD,SD,9,Bucks,0,0,0,0,0,0,0,0,630,620,664,658,686,704,679,685,664,648,653,636,585,8512
104375203,Neshannock Township SD,SD,37,Lawrence,0,0,0,0,0,0,0,0,77,83,69,90,93,88,111,105,99,99,93,103,92,1202
127045653,New Brighton Area SD,SD,4,Beaver,0,0,0,0,0,0,0,0,115,110,105,109,116,98,103,116,103,121,114,115,99,1424
104375302,New Castle Area SD,SD,37,Lawrence,0,0,94,0,0,0,0,0,293,276,277,252,235,259,237,245,221,243,189,191,153,3165
111440001,New Day Charter School,CS,31,Huntingdon,0,0,0,0,0,0,0,0,0,0,0,0,0,0,0,12,22,45,31,27,27,164
126513420,New Foundations CS,CS,51,Philadelphia,0,0,0,0,0,0,0,0,66,73,76,78,78,81,82,84,99,216,189,195,161,1478
122097604,New Hope-Solebury SD,SD,9,Bucks,0,0,0,0,0,0,0,0,72,92,97,98,101,113,106,134,139,112,142,142,154,1502
107656303,New Kensington-Arnold SD,SD,65,Westmoreland,0,0,0,0,0,0,0,0,153,159,166,184,185,165,150,152,139,128,135,133,122,1971
115504003,Newport SD,SD,50,Perry,0,0,0,0,0,0,0,0,89,61,86,75,87,83,81,91,101,66,89,74,71,1054
110143120,Nittany Valley CS,CS,14,Centre,0,0,0,0,0,0,0,0,8,9,5,0,7,8,1,5,0,0,0,0,0,43
123465602,Norristown Area SD,SD,46,Montgomery,0,0,0,0,0,0,0,0,686,723,653,652,638,671,561,525,483,567,448,373,425,7405
103026852,North Allegheny SD,SD,2,Allegheny,0,0,0,0,0,0,313,211,0,599,623,585,642,645,654,712,642,661,690,648,675,8300
116479998,North Central Secure Trmnt Unt,SJCI,47,Montour,0,0,0,0,0,0,0,0,0,0,0,0,0,0,0,0,1,9,11,13,13,47
106167504,North Clarion County SD,SD,16,Clarion,0,0,37,0,0,0,0,0,40,46,41,41,45,44,34,57,40,41,50,50,40,606
105258303,North East SD,SD,25,Erie,0,0,0,0,0,0,0,0,104,120,130,135,132,138,122,121,146,123,136,120,125,1652
103026902,North Hills SD,SD,2,Allegheny,0,0,0,0,0,0,0,0,372,324,361,341,349,316,307,328,297,290,337,366,397,4385
123465507,North Montco Tech Career Center,OCCCTC,46,Montgomery,0,0,0,0,0,0,0,0,0,0,0,0,0,0,0,0,0,199,287,250,234,970
123465702,North Penn SD,SD,46,Montgomery,0,0,0,0,0,0,449,359,0,941,1009,993,1013,1010,1037,945,924,1017,1080,983,1124,12884
119356503,North Pocono SD,SD,35,Lackawanna,0,0,0,0,0,0,0,0,206,219,202,232,238,210,227,263,246,225,260,232,218,2978
129545003,North Schuylkill SD,SD,54,Schuylkill,0,0,0,0,0,0,0,0,154,134,134,163,125,164,155,160,154,138,153,123,142,1899
108565503,North Star SD,SD,56,Somerset,13,12,0,0,0,0,0,0,67,84,85,86,108,77,79,87,81,83,85,97,78,1122
120484903,Northampton Area SD,SD,48,Northampton,21,0,0,0,0,0,0,0,361,387,388,420,455,450,432,452,476,427,495,431,421,5616
117083004,Northeast Bradford SD,SD,8,Bradford,0,0,0,0,0,0,0,0,56,49,52,62,72,73,58,58,65,70,67,72,76,830
119000000,Northeastern Educational IU 19,IU,35,Lackawanna,0,0,22,0,0,0,0,0,8,2,9,7,2,11,6,6,14,16,21,18,57,199
112674403,Northeastern York SD,SD,67,York,0,0,0,0,0,0,0,0,265,287,297,306,316,282,299,322,322,316,307,230,224,3773
108056004,Northern Bedford County SD,SD,5,Bedford,0,0,5,32,14,11,0,0,57,63,61,55,71,67,70,70,75,72,60,78,67,928
108114503,Northern Cambria SD,SD,11,Cambria,11,11,0,0,0,0,0,0,79,74,58,63,78,81,98,95,86,87,66,82,93,1062
113385003,Northern Lebanon SD,SD,38,Lebanon,0,0,0,0,0,0,98,83,1,183,161,187,177,163,194,175,154,195,173,191,159,2294
121394503,Northern Lehigh SD,SD,39,Lehigh,0,0,0,0,0,0,0,0,109,100,103,126,109,125,131,114,132,114,145,135,129,1572
109535504,Northern Potter SD,SD,53,Potter,0,0,0,0,0,40,0,0,40,40,44,34,31,37,43,37,40,41,33,45,39,544
117080607,Northern Tier Career Center,OCCCTC,8,Bradford,0,0,0,0,0,0,0,0,0,0,0,0,0,0,0,0,0,0,15,204,174,393
117596003,Northern Tioga SD,SD,59,Tioga,0,0,60,0,0,0,0,0,180,173,174,163,146,153,137,151,165,171,166,141,148,2128
107656407,Northern Westmoreland CTC,OCCCTC,65,Westmoreland,0,0,0,0,0,0,0,0,0,0,0,0,0,0,0,0,0,64,117,127,103,411
115674603,Northern York County SD,SD,67,York,0,0,0,0,0,0,122,77,28,235,239,248,251,250,259,242,264,231,248,250,248,3192
103026873,Northgate SD,SD,2,Allegheny,0,0,19,0,0,0,0,0,98,93,93,92,85,85,91,87,81,88,86,72,81,1151
116495207,Northumberland County CTC,OCCCTC,49,Northumberland,0,0,0,0,0,0,0,0,0,0,0,0,0,0,0,0,0,0,33,71,111,215
118406003,Northwest Area SD,SD,40,Luzerne,0,0,0,0,0,0,0,0,57,77,69,58,84,69,78,96,86,93,76,78,72,993
105000000,Northwest Tri-County IU 5,IU,25,Erie,0,0,0,0,0,0,0,0,15,13,17,14,9,9,14,19,26,22,27,37,32,254
105258503,Northwestern  SD,SD,25,Erie,0,0,0,0,0,0,0,0,93,98,87,111,117,124,93,102,118,107,112,109,120,1391
121394603,Northwestern Lehigh SD,SD,39,Lehigh,0,0,0,0,0,0,72,50,0,118,145,151,165,160,168,186,177,180,196,195,181,2144
126510019,Northwood Academy CS,CS,51,Philadelphia,0,0,0,0,0,0,0,0,88,94,91,89,91,89,92,82,76,0,0,0,0,792
107656502,Norwin SD,SD,65,Westmoreland,0,0,0,0,0,0,138,105,153,376,388,413,391,438,363,428,421,408,409,388,431,5250
124156503,Octorara Area SD,SD,15,Chester,0,0,0,0,0,0,0,0,161,164,172,191,176,181,176,188,172,231,193,213,204,2422
106616203,Oil City Area SD,SD,61,Venango,0,0,0,0,0,0,0,0,159,165,152,150,150,171,137,134,159,159,163,164,155,2018
119356603,Old Forge SD,SD,35,Lackawanna,0,0,0,0,0,0,0,0,71,84,73,84,74,73,77,71,80,57,69,85,79,977
114066503,Oley Valley SD,SD,6,Berks,0,0,0,0,0,0,0,0,108,119,114,129,118,119,130,131,141,141,147,152,133,1682
126513452,Olney Charter High School,CS,51,Philadelphia,0,0,0,0,0,0,0,0,0,0,0,0,0,0,0,0,0,390,459,410,530,1789
109537504,Oswayo Valley SD,SD,53,Potter,15,13,0,0,0,0,0,0,27,34,28,24,30,23,33,29,26,28,44,37,33,424
109426003,Otto-Eldred SD,SD,42,McKean,0,0,0,10,11,0,0,0,27,40,39,42,49,49,55,42,55,55,56,48,54,632
124156603,Owen J Roberts SD,SD,15,Chester,0,0,0,0,0,0,208,110,18,385,395,447,423,458,406,448,395,437,401,391,375,5297
124156703,Oxford Area SD,SD,15,Chester,0,0,0,0,0,0,0,0,249,239,256,273,283,301,322,294,314,333,346,340,326,3876
122098003,Palisades SD,SD,9,Bucks,0,0,0,0,0,0,45,37,0,95,95,117,98,114,121,120,161,144,164,154,148,1613
121136503,Palmerton Area SD,SD,13,Carbon,0,0,0,0,0,0,69,50,19,115,142,170,149,145,141,152,149,128,109,111,91,1740
113385303,Palmyra Area SD,SD,38,Lebanon,0,0,0,0,0,0,97,108,41,242,266,262,269,308,298,282,286,284,292,274,257,3566
173515368,Pan American Academy CS,CS,51,Philadelphia,0,0,0,0,0,0,0,0,109,107,74,95,100,88,52,56,49,0,0,0,0,730
121136603,Panther Valley SD,SD,13,Carbon,0,0,0,0,0,0,40,31,43,123,140,144,149,144,152,135,141,105,115,118,88,1668
121395103,Parkland SD,SD,39,Lehigh,0,0,0,0,0,0,0,0,562,632,622,664,673,690,715,754,760,801,800,809,819,9301
103027307,Parkway West CTC,OCCCTC,2,Allegheny,0,0,0,0,0,0,0,0,0,0,0,0,0,0,0,0,0,91,213,237,190,731
120485603,Pen Argyl Area SD,SD,48,Northampton,0,0,0,0,0,0,0,0,118,116,105,122,133,113,130,142,137,132,154,123,130,1655
108116003,Penn Cambria SD,SD,11,Cambria,0,0,17,0,0,0,0,0,98,113,107,122,137,115,135,126,142,130,140,134,135,1651
103022481,Penn Hills Charter School of Entrepreneu,CS,2,Allegheny,0,0,0,0,0,0,0,0,47,52,46,46,49,50,27,34,0,0,0,0,0,351
103027352,Penn Hills SD,SD,2,Allegheny,0,0,34,0,0,0,0,0,233,265,241,251,274,258,234,224,250,322,343,306,368,3603
113365203,Penn Manor SD,SD,36,Lancaster,0,0,0,0,0,0,184,157,0,417,369,386,406,432,385,434,406,381,433,425,481,5296
125236903,Penn-Delco SD,SD,23,Delaware,0,0,0,0,0,0,108,99,18,271,255,254,287,244,272,257,270,271,268,274,241,3389
107657103,Penn-Trafford SD,SD,65,Westmoreland,0,0,0,0,0,0,140,105,0,244,250,281,275,298,319,325,323,314,322,321,348,3865
105204703,Penncrest SD,SD,20,Crawford,0,0,0,0,0,0,0,0,195,192,182,219,210,230,209,253,199,224,275,260,266,2914
122098103,Pennridge SD,SD,9,Bucks,0,0,0,0,0,0,196,162,28,515,517,562,575,531,611,601,626,545,603,580,599,7251
128326303,Penns Manor Area SD,SD,32,Indiana,20,19,0,0,0,0,0,0,53,67,63,54,63,62,61,77,68,72,69,72,57,877
110147003,Penns Valley Area SD,SD,14,Centre,0,0,0,0,0,33,0,0,101,106,98,110,115,118,99,114,102,118,123,112,124,1473
122098202,Pennsbury SD,SD,9,Bucks,0,0,0,0,0,0,0,0,701,733,742,780,802,768,750,872,859,770,767,835,803,10182
127043430,Pennsylvania Cyber CS,CS,4,Beaver,0,0,0,0,0,1,0,0,213,301,312,364,403,510,596,713,940,1397,1324,1413,1236,9723
115220003,Pennsylvania Distance Learning CS,CS,2,Allegheny,0,0,0,0,0,0,0,0,22,24,17,31,33,39,46,63,64,94,89,91,68,681
124150004,Pennsylvania Leadership Charter School,CS,15,Chester,0,0,0,0,0,0,0,0,53,56,72,96,97,131,157,244,257,300,306,306,286,2361
123460001,Pennsylvania Virtual CS,CS,46,Montgomery,0,0,0,0,0,0,0,0,85,130,130,124,131,152,212,224,196,270,236,244,165,2299
126510004,People for People CS,CS,51,Philadelphia,0,0,0,0,0,0,0,0,39,47,65,72,74,77,48,35,50,14,15,0,0,536
113365303,Pequea Valley SD,SD,36,Lancaster,0,0,0,0,0,0,0,0,104,116,106,137,105,116,88,121,120,133,123,140,128,1537
123466103,Perkiomen Valley SD,SD,46,Montgomery,0,0,0,0,0,0,158,153,25,380,418,417,410,431,436,478,450,457,462,430,465,5570
105250001,Perseus House CS of Excellence,CS,25,Erie,0,0,0,0,0,0,0,0,0,0,0,0,0,0,28,48,55,131,150,112,64,588
101636503,Peters Township SD,SD,63,Washington,0,0,0,0,0,0,150,100,0,270,268,286,307,291,292,349,358,353,396,340,345,4105
126513280,Philadelphia Academy CS,CS,51,Philadelphia,0,0,0,0,0,0,0,0,68,74,73,89,66,89,88,85,91,110,98,109,120,1160
126515001,Philadelphia City SD,SD,51,Philadelphia,0,0,2064,0,0,0,0,0,10975,11925,11670,11704,11448,10396,9269,8993,8592,10627,9831,8811,7824,134129
126510009,Philadelphia Electrical & Tech CHS,CS,51,Philadelphia,0,0,0,0,0,0,0,0,0,0,0,0,0,0,0,0,0,176,171,139,132,618
126510016,Philadelphia Montessori CS,CS,51,Philadelphia,0,0,0,0,0,0,0,0,22,27,24,24,26,23,23,0,0,0,0,0,0,169
126513400,Philadelphia Performing Arts CS,CS,51,Philadelphia,0,0,0,0,0,0,0,0,172,177,175,182,208,231,211,203,193,189,184,232,191,2548
110177003,Philipsburg-Osceola Area SD,SD,17,Clearfield,0,0,0,0,0,0,0,0,130,138,125,148,128,139,113,146,130,128,146,131,106,1708
124157203,Phoenixville Area SD,SD,15,Chester,0,0,0,0,0,0,6,6,286,285,291,310,314,282,295,329,312,239,259,292,290,3796
129546003,Pine Grove Area SD,SD,54,Schuylkill,0,0,0,0,0,0,0,0,106,124,130,133,134,126,134,128,137,132,137,134,116,1671
103021003,Pine-Richland SD,SD,2,Allegheny,0,0,0,0,0,0,160,112,0,316,351,331,344,322,350,371,401,363,403,373,379,4576
102027451,Pittsburgh SD,SD,2,Allegheny,0,0,392,0,0,0,0,0,1933,1775,1767,1817,1819,1619,1598,1658,1581,1823,1665,1517,1420,22384
118406602,Pittston Area SD,SD,40,Luzerne,0,0,0,0,0,0,0,0,236,203,267,273,274,258,256,257,242,273,243,264,237,3283
120455203,Pleasant Valley SD,SD,45,Monroe,0,0,0,0,0,0,121,121,19,290,321,317,325,339,369,343,410,389,441,444,431,4680
103027503,Plum Borough SD,SD,2,Allegheny,0,0,0,0,0,0,0,0,256,247,284,316,290,288,265,295,306,302,319,294,309,3771
120455403,Pocono Mountain SD,SD,45,Monroe,0,0,0,0,0,0,0,0,563,591,587,662,685,657,695,711,725,744,792,743,869,9024
109426303,Port Allegany SD,SD,42,McKean,0,0,0,0,0,0,0,0,73,76,76,70,66,57,68,66,64,90,54,68,60,888
108116303,Portage Area SD,SD,11,Cambria,0,0,0,24,28,0,0,0,66,46,55,64,56,84,68,77,69,67,74,76,54,908
123466303,Pottsgrove SD,SD,46,Montgomery,0,0,0,0,0,0,0,0,243,258,262,251,253,255,234,257,249,236,243,261,263,3265
123466403,Pottstown SD,SD,46,Montgomery,38,22,32,0,0,0,0,0,286,278,263,276,242,248,254,236,222,291,214,202,136,3240
129546103,Pottsville Area SD,SD,54,Schuylkill,0,0,0,0,0,0,0,0,177,171,177,207,205,200,177,207,192,274,242,255,223,2707
115222343,Premier Arts and Science Charter School,CS,22,Dauphin,0,0,0,0,0,0,0,0,29,47,42,43,45,41,0,0,0,0,0,0,0,247
126512960,"Preparatory CS of Mathematics, Science,",CS,51,Philadelphia,0,0,0,0,0,0,0,0,0,0,0,0,0,0,0,0,0,174,164,126,114,578
103024952,Propel CS - Hazelwood,CS,2,Allegheny,0,0,0,0,0,0,0,0,35,39,43,41,44,36,35,0,0,0,0,0,0,273
160028259,Propel CS-Braddock Hills,CS,2,Allegheny,0,0,0,0,0,0,0,0,58,54,62,59,61,66,50,47,49,123,102,74,62,867
103020005,Propel CS-East,CS,2,Allegheny,0,0,0,0,0,0,0,0,40,41,41,41,43,46,43,34,44,0,0,0,0,373
103020002,Propel CS-Homestead,CS,2,Allegheny,0,0,0,0,0,0,0,0,39,42,42,39,41,47,38,49,44,58,48,43,30,560
103020003,Propel CS-McKeesport,CS,2,Allegheny,0,0,0,0,0,0,0,0,40,40,44,47,46,51,48,48,34,0,0,0,0,398
103020004,Propel CS-Montour,CS,2,Allegheny,0,0,0,0,0,0,0,0,39,40,43,46,49,52,49,50,49,0,0,0,0,417
103028192,Propel CS-Northside,CS,2,Allegheny,0,0,0,0,0,0,0,0,42,44,44,46,40,49,46,45,41,0,0,0,0,397
103024162,Propel CS-Pitcairn,CS,2,Allegheny,0,0,0,0,0,0,0,0,42,36,36,36,33,38,39,40,38,0,0,0,0,338
102027560,Provident CS,CS,2,Allegheny,0,0,0,0,0,0,0,0,0,0,0,28,37,0,0,0,0,0,0,0,0,65
106338003,Punxsutawney Area SD,SD,33,Jefferson,0,0,0,0,0,0,0,0,171,171,147,162,168,161,151,173,204,165,167,169,156,2165
128327303,Purchase Line SD,SD,32,Indiana,0,0,0,0,0,0,0,0,58,57,70,75,70,71,58,79,59,69,64,83,76,889
103027753,Quaker Valley SD,SD,2,Allegheny,0,0,0,0,0,0,107,0,0,122,113,149,141,147,146,158,161,146,184,152,159,1885
122098403,Quakertown Community SD,SD,9,Bucks,0,0,0,0,0,0,156,156,58,319,369,423,436,424,402,422,424,429,405,419,420,5262
125237603,Radnor Township SD,SD,23,Delaware,0,0,0,0,0,0,0,0,250,276,269,250,258,317,252,325,311,314,283,267,326,3698
115227871,Reach Cyber CS,CS,22,Dauphin,0,0,0,0,0,0,0,0,67,40,43,48,67,62,77,101,98,111,0,0,0,714
114067107,Reading Muhlenberg CTC,OCCCTC,6,Berks,0,0,0,0,0,0,0,0,0,0,0,0,0,0,0,0,0,0,310,316,364,990
114067002,Reading SD,SD,6,Berks,0,0,0,225,221,0,0,0,1428,1462,1508,1451,1460,1393,1408,1341,1196,1138,1392,851,1027,17501
112675503,Red Lion Area SD,SD,67,York,0,0,0,0,0,0,147,133,74,370,430,409,428,426,392,414,402,390,400,369,395,5179
106168003,Redbank Valley SD,SD,16,Clarion,0,0,0,0,0,0,0,0,88,86,92,96,73,92,78,92,90,56,94,53,93,1083
124153350,Renaissance Academy CS,CS,15,Chester,0,0,0,0,0,0,0,0,79,78,81,82,100,84,82,80,77,80,73,73,73,1042
104435303,Reynolds SD,SD,43,Mercer,0,0,0,0,0,0,0,0,74,79,75,66,80,75,82,88,88,78,93,110,78,1066
126510008,Richard Allen Preparatory CS,CS,51,Philadelphia,0,0,0,0,0,0,0,0,0,0,0,0,0,92,122,136,128,0,0,0,0,478
108116503,Richland SD,SD,11,Cambria,0,0,0,0,0,0,0,0,107,105,104,133,111,122,129,111,131,143,121,138,127,1582
109246003,Ridgway Area SD,SD,24,Elk,0,0,0,0,0,0,0,0,61,51,58,50,62,46,57,59,61,76,77,54,69,781
125237702,Ridley SD,SD,23,Delaware,0,0,0,0,0,0,143,124,130,380,404,425,402,452,444,447,426,448,470,469,450,5614
101637002,Ringgold SD,SD,63,Washington,0,0,0,0,0,0,0,0,201,201,235,223,217,226,225,177,223,249,231,213,187,2808
127045853,Riverside Beaver County SD,SD,4,Beaver,0,0,0,0,0,0,0,0,109,99,105,100,115,114,119,109,112,127,137,106,132,1484
119357003,Riverside SD,SD,35,Lackawanna,0,0,0,0,0,0,0,0,111,106,128,103,128,127,134,134,111,118,129,103,92,1524
106000000,Riverview IU 6,IU,16,Clarion,0,0,0,0,0,0,2,7,12,7,18,12,24,12,14,19,25,28,22,19,34,255
103028203,Riverview SD,SD,2,Allegheny,0,0,0,0,0,0,0,0,74,60,78,73,81,69,65,67,75,95,69,70,79,955
105252920,Robert Benjamin Wiley Community CS,CS,25,Erie,0,0,0,0,0,0,0,0,47,48,43,45,46,45,41,45,43,0,0,0,0,403
121393330,Roberto Clemente CS,CS,39,Lehigh,0,0,0,0,0,0,0,0,0,0,0,0,0,0,50,50,49,49,48,33,39,318
121391526,Roberto Clemente Elementary Charter Scho,CS,39,Lehigh,0,0,0,0,0,0,0,0,50,52,52,49,52,49,0,0,0,0,0,0,0,304
127046903,Rochester Area SD,SD,4,Beaver,0,0,0,0,0,0,0,0,52,54,55,50,63,61,50,56,57,51,50,50,49,698
108566303,Rockwood Area SD,SD,56,Somerset,0,0,0,0,0,0,0,0,37,50,48,38,63,66,61,56,59,50,69,56,64,717
125237903,Rose Tree Media SD,SD,23,Delaware,0,0,0,0,0,0,176,90,0,296,287,280,298,287,288,324,295,283,329,294,312,3839
126510001,Russell Byers CS,CS,51,Philadelphia,0,0,0,0,0,48,0,0,52,80,78,52,78,33,61,0,0,0,0,0,0,482
116606707,SUN Area Technical Institute,OCCCTC,60,Union,0,0,0,0,0,0,0,0,0,0,0,0,0,0,0,0,0,0,1,11,226,238
129546803,Saint Clair Area SD,SD,54,Schuylkill,0,0,0,0,0,0,0,0,74,55,54,57,53,63,64,73,61,0,0,0,0,554
109248003,Saint Marys Area SD,SD,24,Elk,0,0,0,0,0,0,0,0,194,93,127,137,176,158,160,149,174,189,160,181,153,2051
121395603,Salisbury Township SD,SD,39,Lehigh,0,0,0,0,0,0,0,0,93,102,102,105,117,122,116,126,135,138,140,150,149,1595
108567004,Salisbury-Elk Lick SD,SD,56,Somerset,0,0,0,0,0,0,0,0,28,21,30,22,20,17,14,19,19,21,20,23,22,276
114514135,Sankofa Freedom Academy Charter School,CS,51,Philadelphia,0,0,0,0,0,0,0,0,41,54,49,63,54,54,51,47,43,47,42,47,42,634
120486003,Saucon Valley SD,SD,48,Northampton,0,0,0,0,0,0,0,0,149,129,137,148,146,180,175,191,185,194,179,193,187,2193
117086003,Sayre Area SD,SD,8,Bradford,15,15,0,0,0,0,0,0,72,67,83,97,87,82,82,97,89,74,95,62,66,1083
122093140,School Lane CS,CS,9,Bucks,0,0,0,0,0,0,0,0,124,125,100,100,100,99,100,100,98,112,76,46,0,1180
129547303,Schuylkill Haven Area SD,SD,54,Schuylkill,0,0,0,0,0,0,0,0,78,82,77,95,95,82,102,90,80,103,109,108,99,1200
129000000,Schuylkill IU 29,IU,54,Schuylkill,0,0,0,0,0,0,12,0,3,8,4,12,5,4,5,5,10,14,11,11,16,120
129546907,Schuylkill Technology Centers,OCCCTC,54,Schuylkill,0,0,0,0,0,0,0,0,0,0,0,0,0,0,0,0,0,37,80,123,107,347
114067503,Schuylkill Valley SD,SD,6,Berks,0,0,0,0,0,0,0,0,150,138,156,166,156,168,161,176,145,149,158,163,153,2039
119357402,Scranton SD,SD,35,Lackawanna,234,211,0,0,0,0,0,0,736,760,753,799,783,803,738,719,667,671,745,705,734,10058
116557103,Selinsgrove Area SD,SD,55,Snyder,0,0,0,0,0,0,0,0,155,199,163,189,211,234,222,218,232,222,230,169,205,2649
109420107,Seneca Highlands Career and Technical Ce,OCCCTC,42,McKean,0,0,0,0,0,0,0,0,0,0,0,0,0,0,0,0,0,0,125,93,79,297
109000000,Seneca Highlands IU 9,IU,42,McKean,0,0,0,0,0,0,0,0,20,37,29,35,27,20,21,41,32,33,25,27,21,368
104107903,Seneca Valley SD,SD,10,Butler,0,0,0,0,0,0,295,191,4,488,505,545,517,554,565,600,577,573,603,550,594,7161
188392660,Seven Generations Charter School,CS,39,Lehigh,0,0,0,0,0,0,0,0,69,66,51,50,42,25,0,0,0,0,0,0,0,303
108567204,Shade-Central City SD,SD,56,Somerset,0,0,0,0,0,0,0,0,27,23,29,27,30,39,34,40,38,29,43,34,48,441
103028302,Shaler Area SD,SD,2,Allegheny,0,0,0,0,0,0,0,0,344,311,314,340,310,315,340,373,292,366,333,375,355,4368
116496503,Shamokin Area SD,SD,49,Northumberland,0,0,0,0,0,0,0,0,179,170,181,160,171,170,169,191,178,187,164,155,165,2240
108567404,Shanksville-Stonycreek SD,SD,56,Somerset,13,11,0,0,0,0,0,0,21,14,29,19,25,23,20,27,20,30,28,24,27,331
104435603,Sharon City SD,SD,43,Mercer,0,0,0,0,0,0,0,0,162,172,158,174,200,179,145,183,141,141,153,122,119,2049
104435703,Sharpsville Area SD,SD,43,Mercer,0,0,0,0,0,0,0,0,83,86,84,94,87,98,95,120,95,106,105,99,108,1260
129547203,Shenandoah Valley SD,SD,54,Schuylkill,0,0,64,0,0,0,0,0,83,70,87,72,70,63,78,93,74,85,88,81,72,1080
104376203,Shenango Area SD,SD,37,Lawrence,0,0,0,0,0,0,0,0,73,91,67,98,94,71,96,99,93,98,81,86,70,1117
116496603,Shikellamy SD,SD,49,Northumberland,0,0,0,0,0,0,0,0,244,225,253,242,229,252,226,221,203,238,179,186,153,2851
115218003,Shippensburg Area SD,SD,21,Cumberland,0,0,0,0,0,0,0,0,271,244,230,277,279,270,259,261,246,265,266,272,256,3396
104107503,Slippery Rock Area SD,SD,10,Butler,0,0,0,0,0,0,0,0,135,142,157,152,155,162,148,153,163,182,175,157,186,2067
109427503,Smethport Area SD,SD,42,McKean,0,0,33,0,0,0,0,0,55,51,69,62,60,70,53,60,57,55,73,60,71,829
113367003,Solanco SD,SD,36,Lancaster,0,0,0,0,0,0,79,74,90,237,260,268,266,285,297,269,252,273,298,311,278,3537
108567703,Somerset Area SD,SD,56,Somerset,0,0,61,0,0,0,0,0,157,121,140,139,141,120,166,140,175,165,212,180,193,2110
108567807,Somerset County Technology Center,OCCCTC,56,Somerset,0,0,0,0,0,0,0,0,0,0,0,0,0,0,0,0,0,0,155,133,140,428
123467103,Souderton Area SD,SD,46,Montgomery,0,0,0,0,0,0,221,153,0,450,461,497,523,466,485,496,546,552,574,572,603,6599
123463370,Souderton CS Collaborative,CS,46,Montgomery,0,0,0,0,0,0,0,0,21,28,32,31,25,27,22,22,11,0,0,0,0,219
103028653,South Allegheny SD,SD,2,Allegheny,0,0,0,0,0,0,0,0,123,105,106,112,118,126,106,123,116,116,127,114,94,1486
104107803,South Butler County SD,SD,10,Butler,0,0,0,0,0,0,50,74,0,150,160,160,148,186,159,200,188,235,194,217,227,2348
112676203,South Eastern SD,SD,67,York,13,10,0,0,0,0,0,0,176,188,179,194,197,216,203,213,216,222,187,186,197,2597
103028703,South Fayette Township SD,SD,2,Allegheny,0,0,0,0,0,0,97,94,14,240,236,252,275,271,253,272,260,225,213,198,194,3094
115218303,South Middleton SD,SD,21,Cumberland,0,0,0,0,0,0,0,0,160,141,126,194,157,178,178,154,166,172,184,167,161,2138
112289998,South Mountain Secure Trmnt Un,SJCI,28,Franklin,0,0,0,0,0,0,0,0,0,0,0,0,0,0,0,0,0,0,9,8,9,26
103028753,South Park SD,SD,2,Allegheny,0,0,0,0,0,0,61,63,0,116,122,141,126,127,135,147,152,156,142,182,147,1817
127047404,South Side Area SD,SD,4,Beaver,20,0,0,0,0,0,0,0,69,67,64,69,78,79,80,84,89,90,82,101,105,1077
112676403,South Western SD,SD,67,York,0,0,0,0,0,0,128,87,64,290,327,322,329,314,332,339,329,314,300,317,273,4065
117416103,South Williamsport Area SD,SD,41,Lycoming,0,0,0,0,0,0,0,0,77,94,104,94,105,95,92,140,92,92,93,93,95,1266
125238402,Southeast Delco SD,SD,23,Delaware,0,0,0,0,0,0,0,0,326,298,313,376,329,337,310,318,302,366,305,304,289,4173
101306503,Southeastern Greene SD,SD,30,Greene,0,0,0,0,0,0,0,0,50,40,37,55,49,49,43,44,49,34,54,52,56,612
116197503,Southern Columbia Area SD,SD,19,Columbia,0,0,0,0,0,0,0,0,107,87,99,111,112,105,107,134,108,111,106,96,92,1375
111297504,Southern Fulton SD,SD,29,Fulton,0,0,0,0,0,0,0,0,58,50,61,53,59,62,56,51,57,73,48,54,65,747
111317503,Southern Huntingdon County SD,SD,31,Huntingdon,0,0,0,0,0,0,0,0,92,75,96,99,98,93,95,77,85,91,102,84,104,1191
121395703,Southern Lehigh SD,SD,39,Lehigh,0,0,0,0,0,0,78,70,30,208,197,252,230,235,248,271,257,272,270,255,277,3150
117597003,Southern Tioga SD,SD,59,Tioga,0,0,0,0,0,0,0,0,144,123,114,152,141,130,142,136,137,153,169,133,144,1818
112676503,Southern York County SD,SD,67,York,0,0,0,0,0,0,0,0,226,209,222,230,226,248,261,279,246,228,240,237,217,3069
107657503,Southmoreland SD,SD,65,Westmoreland,0,0,0,0,0,0,0,0,147,144,145,160,167,130,163,141,134,141,136,152,145,1905
108515107,Southwest Leadership Academy CS,CS,51,Philadelphia,0,0,0,0,0,0,0,0,54,55,57,55,54,56,55,56,55,0,0,0,0,497
103023410,Spectrum CS,CS,2,Allegheny,0,0,0,0,0,0,0,0,0,0,0,0,0,0,0,1,4,4,3,13,8,33
108077503,Spring Cove SD,SD,7,Blair,0,0,0,0,0,57,0,0,134,131,139,143,142,155,153,156,140,140,141,141,139,1911
112676703,Spring Grove Area SD,SD,67,York,0,0,0,0,0,0,88,87,77,272,301,294,320,317,298,331,311,315,261,273,264,3809
123467303,Spring-Ford Area SD,SD,46,Montgomery,0,0,0,0,0,0,248,244,7,549,576,592,629,660,621,668,665,627,609,645,585,7925
125238502,Springfield SD,SD,23,Delaware,0,0,0,0,0,0,149,148,0,331,281,295,321,322,337,330,305,319,284,279,336,4037
123467203,Springfield Township SD,SD,46,Montgomery,0,0,0,0,0,0,0,0,206,209,208,200,199,202,180,189,183,171,181,147,162,2437
110148002,State College Area SD,SD,14,Centre,0,0,0,0,0,0,0,0,437,484,481,472,517,478,548,516,550,551,571,587,570,6762
103028807,Steel Center for Career and Technical Ed,OCCCTC,2,Allegheny,0,0,0,0,0,0,0,0,0,0,0,0,0,0,0,0,0,1,171,296,229,697
103028833,Steel Valley SD,SD,2,Allegheny,0,0,0,0,0,0,0,0,124,115,83,126,110,100,127,95,102,128,110,128,116,1464
115228003,Steelton-Highspire SD,SD,22,Dauphin,0,0,0,0,0,0,53,57,0,108,123,145,124,122,112,121,111,111,99,74,61,1421
103028853,Sto-Rox SD,SD,2,Allegheny,0,0,0,0,0,0,0,0,118,136,107,115,90,99,97,97,89,84,82,75,79,1268
111315438,Stone Valley Community CS,CS,31,Huntingdon,0,0,0,0,0,0,0,0,15,13,15,12,15,14,0,0,0,0,0,0,0,84
120456003,Stroudsburg Area SD,SD,45,Monroe,0,0,0,0,0,0,0,0,322,326,329,367,372,381,364,356,403,423,426,401,421,4891
101833400,Sugar Valley Rural CS,CS,18,Clinton,0,0,0,0,0,0,0,0,24,36,32,36,30,42,45,40,41,39,30,39,25,459
117576303,Sullivan County SD,SD,57,Sullivan,0,0,0,0,0,0,0,0,56,51,53,33,58,45,48,40,55,38,51,42,55,625
116493130,Susq-Cyber CS,CS,19,Columbia,0,0,0,0,0,0,0,0,0,0,0,0,0,0,0,0,0,12,26,20,39,97
119586503,Susquehanna Community SD,SD,58,Susquehanna,0,0,0,23,28,0,0,0,57,63,63,58,61,52,57,57,61,65,59,54,37,795
119584707,Susquehanna County CTC,OCCCTC,58,Susquehanna,0,0,0,0,0,0,0,0,0,0,0,0,0,0,0,0,0,38,111,130,128,407
115228303,Susquehanna Township SD,SD,22,Dauphin,0,0,0,0,0,0,0,0,242,230,201,227,236,207,192,186,207,192,203,198,228,2749
115506003,Susquenita SD,SD,50,Perry,0,0,0,0,0,0,0,0,188,155,134,159,153,153,132,112,113,140,116,119,142,1816
115223050,Sylvan Heights Science CS,CS,22,Dauphin,0,0,0,0,0,0,0,0,44,46,42,43,39,0,0,0,0,0,0,0,0,214
126511530,TECH Freire CS,CS,51,Philadelphia,0,0,0,0,0,0,0,0,0,0,0,0,0,0,0,0,0,213,93,0,0,306
192518422,Tacony Academy Charter School,CS,51,Philadelphia,0,0,0,0,0,0,0,0,77,78,80,79,80,73,75,72,67,103,107,94,78,1063
129547603,Tamaqua Area SD,SD,54,Schuylkill,0,0,0,0,0,0,101,67,21,117,147,161,166,182,172,171,195,165,150,175,153,2143
126515691,The Philadelphia CS for Arts and Science,CS,51,Philadelphia,0,0,0,0,0,0,0,0,106,105,107,110,106,115,105,106,103,0,0,0,0,963
105620001,Tidioute Community CS,CS,62,Warren,0,0,0,0,0,0,0,0,21,15,22,20,27,30,24,23,17,32,21,21,20,293
106617203,Titusville Area SD,SD,61,Venango,0,0,0,80,53,0,0,0,130,152,159,154,145,139,144,152,122,157,147,147,145,2026
117086503,Towanda Area SD,SD,8,Bradford,0,0,0,30,29,0,0,0,124,123,122,113,117,89,115,111,113,111,135,114,114,1560
124157802,Tredyffrin-Easttown SD,SD,15,Chester,0,0,0,0,0,0,192,207,0,462,525,498,545,600,520,540,519,563,523,554,501,6749
129547803,Tri-Valley SD,SD,54,Schuylkill,0,0,0,0,0,0,0,0,74,93,68,66,76,86,65,71,69,57,65,70,63,923
101638003,Trinity Area SD,SD,63,Washington,0,0,0,0,0,0,0,0,234,256,228,228,253,232,256,218,251,233,261,260,264,3174
117086653,Troy Area SD,SD,8,Bradford,0,0,0,0,0,0,0,0,100,106,111,109,135,105,117,111,111,120,117,103,80,1425
114068003,Tulpehocken Area SD,SD,6,Berks,0,0,0,0,0,0,0,0,113,86,102,108,116,106,112,112,116,137,108,113,111,1440
118667503,Tunkhannock Area SD,SD,66,Wyoming,0,0,0,0,0,0,0,0,154,172,149,172,198,181,211,179,185,182,193,188,204,2368
108568404,Turkeyfoot Valley Area SD,SD,56,Somerset,0,0,0,0,0,12,0,0,15,28,30,25,27,17,17,32,39,25,32,25,23,347
111000000,Tuscarora IU 11,IU,44,Mifflin,108,8,34,0,0,0,0,0,0,0,0,0,0,0,0,0,0,0,0,0,0,150
112286003,Tuscarora SD,SD,28,Franklin,0,0,0,0,0,0,0,0,173,193,168,186,205,181,211,170,193,162,188,175,239,2444
108058003,Tussey Mountain SD,SD,5,Bedford,20,0,0,0,0,0,0,0,52,63,85,69,81,76,62,72,53,68,72,81,78,932
114068103,Twin Valley SD,SD,6,Berks,0,0,0,0,0,0,0,0,202,228,248,264,267,256,255,290,258,260,273,278,267,3346
108078003,Tyrone Area SD,SD,7,Blair,69,65,37,0,0,0,0,0,145,133,126,113,122,129,141,136,145,142,144,137,123,1907
104377003,Union Area SD,SD,37,Lawrence,0,0,0,16,18,0,0,0,49,48,58,54,49,62,54,55,56,55,44,45,58,721
105259103,Union City Area SD,SD,25,Erie,0,0,0,33,14,0,0,0,78,76,66,90,101,77,84,90,88,79,102,87,70,1135
106169003,Union SD,SD,16,Clarion,0,0,0,0,0,0,0,0,44,36,47,39,57,46,48,48,39,38,34,42,40,558
101268003,Uniontown Area SD,SD,26,Fayette,0,0,0,0,0,0,0,0,234,220,233,209,199,195,208,230,218,237,225,187,190,2785
124158503,Unionville-Chadds Ford SD,SD,15,Chester,0,0,0,0,0,0,118,95,0,254,294,310,303,315,318,350,346,310,360,354,286,4013
128328003,United SD,SD,32,Indiana,0,0,30,0,0,0,0,0,67,71,75,71,78,77,71,87,98,98,87,75,95,1080
126512674,Universal Alcorn CS,CS,51,Philadelphia,0,0,0,0,0,0,0,0,28,62,65,80,58,69,37,43,27,0,0,0,0,469
126519434,Universal Audenried Charter School,CS,51,Philadelphia,0,0,0,0,0,0,0,0,0,0,0,0,0,0,0,0,0,156,120,156,157,589
168513758,Universal Bluford Charter School,CS,51,Philadelphia,0,0,0,0,0,0,0,0,91,63,85,80,76,70,73,0,0,0,0,0,0,538
126517442,Universal Creighton Charter School,CS,51,Philadelphia,0,0,0,0,0,0,0,0,29,81,91,74,98,71,92,75,93,0,0,0,0,704
103519376,Universal Daroff Charter School,CS,51,Philadelphia,0,0,0,0,0,0,0,0,115,93,97,86,72,63,56,50,60,0,0,0,0,692
126513210,Universal Institute CS,CS,51,Philadelphia,0,0,0,0,0,0,0,0,62,69,87,90,145,67,54,61,55,0,0,0,0,690
126513415,Universal Vare Charter School,CS,51,Philadelphia,0,0,0,0,0,0,0,0,0,0,0,0,0,86,103,101,101,0,0,0,0,391
112018523,Upper Adams SD,SD,1,Adams,0,0,0,0,0,0,0,0,128,130,113,102,156,121,134,145,108,156,142,133,118,1686
122099007,Upper Bucks County Technical School,OCCCTC,9,Bucks,0,0,0,0,0,0,0,0,0,0,0,0,0,0,0,0,0,160,170,177,203,710
125239452,Upper Darby SD,SD,23,Delaware,0,0,0,0,0,0,484,415,0,909,1040,1052,993,1022,918,972,893,904,952,941,900,12395
115229003,Upper Dauphin Area SD,SD,22,Dauphin,0,0,0,0,0,0,0,0,84,82,85,86,86,83,99,86,97,90,108,99,90,1175
123468303,Upper Dublin SD,SD,46,Montgomery,0,0,0,0,0,0,0,0,274,288,280,329,311,310,298,328,317,292,364,374,335,4100
123468402,Upper Merion Area SD,SD,46,Montgomery,12,12,0,0,0,0,126,121,33,266,327,329,297,346,313,295,284,316,303,297,308,3985
123468503,Upper Moreland Township SD,SD,46,Montgomery,0,0,0,0,0,0,0,0,246,250,249,230,252,215,216,265,225,217,246,237,261,3109
123468603,Upper Perkiomen SD,SD,46,Montgomery,0,0,0,0,0,0,88,91,53,252,296,290,262,278,267,257,267,267,222,239,212,3341
103029203,Upper Saint Clair SD,SD,2,Allegheny,0,0,0,0,0,0,144,104,0,249,284,256,318,311,316,319,388,337,354,341,360,4081
103023090,Urban Academy of Greater Pittsburgh CS,CS,2,Allegheny,0,0,0,0,0,0,0,0,40,42,32,39,38,35,0,0,0,0,0,0,0,226
102023080,Urban Pathways 6-12 CS,CS,2,Allegheny,0,0,0,0,0,0,0,0,0,0,0,0,0,0,49,53,46,53,46,48,36,331
103028246,Urban Pathways K-5 College Charter Schoo,CS,2,Allegheny,0,0,0,0,0,0,0,0,69,64,50,41,38,22,0,0,0,0,0,0,0,284
106618603,Valley Grove SD,SD,61,Venango,0,0,0,0,0,0,2,0,54,60,63,54,68,69,68,78,68,80,87,72,69,892
119358403,Valley View SD,SD,35,Lackawanna,0,0,0,0,0,0,0,0,182,195,170,181,199,199,185,202,181,206,196,181,196,2473
106619107,Venango Technology Center,OCCCTC,61,Venango,0,0,0,0,0,0,0,0,0,0,0,0,0,0,0,0,0,1,191,192,171,555
141019741,Vida Charter School,CS,1,Adams,0,0,0,0,0,0,0,0,44,52,39,37,39,19,15,0,0,0,0,0,0,245
125233517,Vision Academy Charter School,CS,23,Delaware,0,0,0,0,0,0,0,0,42,42,40,42,39,37,0,0,0,0,0,0,0,242
119648303,Wallenpaupack Area SD,SD,52,Pike,0,0,0,0,0,0,0,0,186,201,202,178,214,238,201,257,239,234,275,272,270,2967
125239603,Wallingford-Swarthmore SD,SD,23,Delaware,0,0,0,0,0,0,105,107,2,260,280,248,289,272,265,304,318,258,278,297,308,3591
105628007,Warren County AVTS,OCCCTC,62,Warren,0,0,0,0,0,0,0,0,0,0,0,0,0,0,0,0,0,0,137,134,109,380
105628302,Warren County SD,SD,62,Warren,0,0,0,0,0,0,0,0,326,278,326,310,313,302,315,346,376,351,388,382,384,4397
116498003,Warrior Run SD,SD,49,Northumberland,0,0,0,0,0,0,0,0,120,92,109,123,104,112,110,114,129,128,125,121,105,1492
113369003,Warwick SD,SD,36,Lancaster,0,0,0,0,0,0,17,0,264,293,288,305,318,324,294,318,349,330,356,354,342,4152
101638803,Washington SD,SD,63,Washington,0,0,0,0,0,0,0,0,135,130,115,109,110,112,132,95,103,126,116,99,97,1479
105259703,Wattsburg Area SD,SD,25,Erie,0,0,0,0,0,0,0,0,97,87,109,109,100,104,109,101,107,115,119,114,124,1395
119648703,Wayne Highlands SD,SD,64,Wayne,0,0,0,0,0,0,0,0,202,162,183,193,203,186,194,194,228,226,187,200,204,2562
112289003,Waynesboro Area SD,SD,28,Franklin,0,0,0,0,0,0,121,88,98,331,358,393,376,350,325,331,311,352,328,316,354,4432
121139004,Weatherly Area SD,SD,13,Carbon,0,0,0,0,0,0,0,0,38,34,45,52,42,57,52,41,60,58,58,57,66,660
117598503,Wellsboro Area SD,SD,59,Tioga,0,0,0,0,0,0,0,0,122,128,97,131,108,102,104,118,112,117,139,115,121,1514
103029403,West Allegheny SD,SD,2,Allegheny,0,0,0,0,0,0,0,0,242,270,242,260,229,255,259,264,247,251,277,263,292,3351
110179003,West Branch Area SD,SD,17,Clearfield,0,0,0,0,0,0,0,0,64,71,71,92,75,97,68,94,60,71,103,92,82,1040
124159002,West Chester Area SD,SD,15,Chester,0,0,0,0,0,0,365,230,77,787,876,906,879,904,893,965,947,928,945,903,973,11578
101308503,West Greene SD,SD,30,Greene,0,0,0,0,0,0,0,0,54,49,48,55,55,51,48,51,54,48,61,35,44,653
103029553,West Jefferson Hills SD,SD,2,Allegheny,0,0,0,0,0,0,134,97,0,223,189,238,203,233,206,235,233,226,233,208,222,2880
104437503,West Middlesex Area SD,SD,43,Mercer,0,0,0,0,0,0,0,0,70,44,67,65,50,74,77,78,70,78,68,81,85,907
103029603,West Mifflin Area SD,SD,2,Allegheny,28,36,0,0,0,0,0,0,174,170,189,199,199,186,177,219,229,270,270,251,245,2842
126513020,West Oak Lane CS,CS,51,Philadelphia,0,0,0,0,0,0,0,0,137,127,136,134,131,123,109,104,70,0,0,0,0,1071
115508003,West Perry SD,SD,50,Perry,0,0,51,0,0,0,0,0,194,156,178,193,201,183,213,186,173,201,204,168,205,2506
126510006,West Phila. Achievement CES,CS,51,Philadelphia,0,0,0,0,0,0,0,0,151,125,123,103,102,95,0,0,0,0,0,0,0,699
115219002,West Shore SD,SD,67,York,0,0,0,0,0,0,316,206,1,539,593,637,593,593,615,619,590,625,613,588,578,7706
118408707,West Side CTC,COMCTC,40,Luzerne,0,0,0,0,0,0,0,0,0,0,0,0,0,0,0,0,0,124,148,144,111,527
112678503,West York Area SD,SD,67,York,0,0,0,0,0,0,100,91,37,214,215,259,229,233,277,255,230,237,212,212,226,3027
101638907,Western Area CTC,OCCCTC,63,Washington,0,0,0,0,0,0,0,0,0,0,0,0,0,0,0,0,0,0,169,190,136,495
127049303,Western Beaver County SD,SD,4,Beaver,0,0,19,0,0,19,0,0,49,51,54,59,44,52,48,55,54,54,61,57,64,740
123469007,Western Montgomery CTC,OCCCTC,46,Montgomery,0,0,0,0,0,0,0,0,0,0,0,0,0,0,0,0,0,62,142,164,168,536
119648903,Western Wayne SD,SD,64,Wayne,46,48,0,0,0,0,0,0,120,120,127,120,143,135,123,153,147,153,168,161,150,1914
108118503,Westmont Hilltop SD,SD,11,Cambria,0,0,0,0,0,0,0,0,101,78,90,87,93,103,99,121,114,124,105,101,97,1313
107000000,Westmoreland IU 7,IU,65,Westmoreland,0,0,0,0,0,0,56,0,4,6,3,9,8,8,12,12,12,21,21,20,56,248
121397803,Whitehall-Coplay SD,SD,39,Lehigh,0,0,0,0,0,0,116,111,25,301,282,314,347,325,330,382,324,383,328,344,382,4294
125230002,Widener Partnership CS,CS,23,Delaware,0,0,0,0,0,0,0,0,63,47,58,48,48,40,42,38,44,0,0,0,0,429
118408607,Wilkes-Barre Area CTC,OCCCTC,40,Luzerne,0,0,0,0,0,0,0,0,0,0,0,0,0,0,0,0,0,127,314,269,217,927
118408852,Wilkes-Barre Area SD,SD,40,Luzerne,0,0,0,0,0,0,0,0,518,552,574,570,523,538,520,579,496,546,546,498,512,6972
103029803,Wilkinsburg Borough SD,SD,2,Allegheny,0,0,58,0,0,0,0,0,98,74,64,80,57,52,44,0,0,0,0,0,0,527
125239652,William Penn SD,SD,23,Delaware,0,0,0,0,0,0,0,0,361,393,428,414,422,423,394,343,382,447,324,359,302,4992
129548803,Williams Valley SD,SD,54,Schuylkill,0,0,0,0,0,0,0,0,93,55,78,88,83,75,101,79,90,74,60,72,65,1013
108079004,Williamsburg Community SD,SD,7,Blair,0,0,0,0,0,0,0,0,34,36,38,35,32,43,45,38,44,34,33,27,38,477
117417202,Williamsport Area SD,SD,41,Lycoming,0,0,0,0,0,0,0,0,381,367,361,373,394,386,394,368,384,419,373,385,358,4943
104378003,Wilmington Area SD,SD,37,Lawrence,0,0,0,0,0,0,0,0,84,67,87,62,83,78,94,88,101,98,92,102,85,1121
114069103,Wilson  SD,SD,6,Berks,0,0,0,0,0,0,0,0,386,416,445,460,443,466,444,462,532,468,457,515,482,5976
120488603,Wilson Area SD,SD,48,Northampton,0,0,0,0,0,0,59,16,45,172,155,182,168,180,173,182,181,188,179,179,166,2225
108569103,Windber Area SD,SD,56,Somerset,0,0,0,0,0,84,0,0,80,73,73,83,84,88,81,98,82,90,91,89,66,1162
126510007,Wissahickon CS,CS,51,Philadelphia,0,0,0,0,0,0,0,0,107,108,108,107,108,107,108,106,100,0,0,0,0,959
123469303,Wissahickon SD,SD,46,Montgomery,0,0,0,0,0,0,0,0,348,315,362,342,376,335,352,365,352,350,331,351,331,4510
110143310,Wonderland CS,CS,14,Centre,0,0,0,0,0,0,0,0,23,17,17,12,14,4,0,0,0,0,0,0,0,87
103029902,Woodland Hills SD,SD,2,Allegheny,0,0,18,0,0,0,0,0,236,289,285,275,285,268,247,268,261,315,290,306,255,3598
126512860,World Communications CS,CS,51,Philadelphia,0,0,0,0,0,0,0,0,0,0,0,0,0,0,0,4,10,16,11,20,15,76
117089003,Wyalusing Area SD,SD,8,Bradford,0,0,0,0,0,0,0,0,92,86,102,95,109,107,90,106,105,108,89,100,85,1274
118409203,Wyoming Area SD,SD,40,Luzerne,0,0,0,0,0,0,0,0,169,162,149,148,200,166,176,191,175,177,192,160,202,2267
118409302,Wyoming Valley West SD,SD,40,Luzerne,0,0,0,0,0,0,0,0,337,381,384,372,412,338,382,374,377,288,304,295,328,4572
114069353,Wyomissing Area SD,SD,6,Berks,0,0,0,0,0,0,0,0,117,141,140,145,140,137,143,151,156,167,165,166,161,1929
189670676,York Academy Regional Charter School,CS,67,York,0,0,0,0,0,0,0,0,76,73,76,76,77,76,77,72,0,0,0,0,0,603
112679002,York City SD,SD,67,York,0,0,0,0,0,0,0,0,523,475,516,481,489,461,451,462,458,389,318,225,208,5456
112679107,York Co School of Technology,COMCTC,67,York,0,0,0,0,0,0,0,0,0,0,0,0,0,0,0,0,0,467,431,409,371,1678
112679403,York Suburban SD,SD,67,York,0,0,3,0,0,0,87,70,29,211,206,212,187,253,246,284,255,276,233,214,182,2948
107658903,Yough SD,SD,65,Westmoreland,0,0,0,0,0,0,0,0,145,150,176,126,147,144,146,162,163,177,164,177,185,2062
126513250,Young Scholars CS,CS,51,Philadelphia,0,0,0,0,0,0,0,0,0,0,0,0,0,0,87,89,81,0,0,0,0,257
110140001,Young Scholars of Central PA CS,CS,14,Centre,0,0,0,0,0,0,0,0,53,56,54,47,47,37,29,19,13,0,0,0,0,355
103020368,Young Scholars of McKeesport Charter Sch,CS,2,Allegheny,0,0,0,0,0,0,0,0,37,18,20,17,18,19,0,0,0,0,0,0,0,129
103025206,Young Scholars of Western Pennsylvania C,CS,2,Allegheny,0,0,0,0,0,0,0,0,39,44,40,43,42,34,20,17,18,0,0,0,0,297
126512870,Youth Build Phila CS,CS,51,Philadelphia,0,0,0,0,0,0,0,0,0,0,0,0,0,0,0,0,0,0,0,0,264,264
118409998,Youth Forestry Camp #2,SJCI,13,Carbon,0,0,0,0,0,0,0,0,0,0,0,0,0,0,0,1,3,2,2,6,2,16
111319998,Youth Forestry Camp #3,SJCI,31,Huntingdon,0,0,0,0,0,0,0,0,0,0,0,0,0,0,0,0,1,7,11,8,8,35
